time_s,zcr
0.000000000000000000e+00,0.000000000000000000e+00
1.160997732426303879e-02,0.000000000000000000e+00
2.321995464852607757e-02,2.392578125000000000e-02
3.482993197278911462e-02,4.980468750000000000e-02
4.643990929705215515e-02,6.835937500000000000e-02
5.804988662131519567e-02,9.326171875000000000e-02
6.965986394557822925e-02,8.203125000000000000e-02
8.126984126984126977e-02,7.763671875000000000e-02
9.287981859410431029e-02,7.910156250000000000e-02
1.044897959183673508e-01,7.373046875000000000e-02
1.160997732426303913e-01,7.910156250000000000e-02
1.277097505668934319e-01,8.300781250000000000e-02
1.393197278911564585e-01,7.421875000000000000e-02
1.509297052154195129e-01,7.666015625000000000e-02
1.625396825396825395e-01,7.373046875000000000e-02
1.741496598639455662e-01,6.738281250000000000e-02
1.857596371882086206e-01,7.177734375000000000e-02
1.973696145124716472e-01,6.005859375000000000e-02
2.089795918367347016e-01,5.859375000000000000e-02
2.205895691609977283e-01,5.664062500000000000e-02
2.321995464852607827e-01,6.835937500000000000e-02
2.438095238095238093e-01,7.763671875000000000e-02
2.554195011337868637e-01,8.056640625000000000e-02
2.670294784580498626e-01,8.251953125000000000e-02
2.786394557823129170e-01,8.007812500000000000e-02
2.902494331065759714e-01,7.910156250000000000e-02
3.018594104308390258e-01,7.617187500000000000e-02
3.134693877551020247e-01,8.007812500000000000e-02
3.250793650793650791e-01,8.593750000000000000e-02
3.366893424036281335e-01,1.000976562500000000e-01
3.482993197278911324e-01,1.225585937500000000e-01
3.599092970521541868e-01,1.176757812500000000e-01
3.715192743764172412e-01,1.005859375000000000e-01
3.831292517006802956e-01,8.740234375000000000e-02
3.947392290249432945e-01,6.689453125000000000e-02
4.063492063492063489e-01,6.738281250000000000e-02
4.179591836734694033e-01,7.568359375000000000e-02
4.295691609977324021e-01,8.349609375000000000e-02
4.411791383219954565e-01,9.179687500000000000e-02
4.527891156462585109e-01,1.030273437500000000e-01
4.643990929705215653e-01,1.074218750000000000e-01
4.760090702947845642e-01,1.079101562500000000e-01
4.876190476190476186e-01,1.069335937500000000e-01
4.992290249433106730e-01,9.814453125000000000e-02
5.108390022675737274e-01,8.154296875000000000e-02
5.224489795918367818e-01,7.128906250000000000e-02
5.340589569160997252e-01,6.542968750000000000e-02
5.456689342403627796e-01,6.933593750000000000e-02
5.572789115646258340e-01,8.007812500000000000e-02
5.688888888888888884e-01,8.398437500000000000e-02
5.804988662131519428e-01,8.789062500000000000e-02
5.921088435374149972e-01,8.496093750000000000e-02
6.037188208616780516e-01,8.398437500000000000e-02
6.153287981859409950e-01,8.251953125000000000e-02
6.269387755102040494e-01,7.861328125000000000e-02
6.385487528344671038e-01,7.763671875000000000e-02
6.501587301587301582e-01,7.812500000000000000e-02
6.617687074829932126e-01,8.105468750000000000e-02
6.733786848072562670e-01,8.349609375000000000e-02
6.849886621315193214e-01,8.642578125000000000e-02
6.965986394557822647e-01,8.740234375000000000e-02
7.082086167800453191e-01,8.740234375000000000e-02
7.198185941043083735e-01,8.789062500000000000e-02
7.314285714285714279e-01,8.740234375000000000e-02
7.430385487528344823e-01,8.886718750000000000e-02
7.546485260770975367e-01,9.179687500000000000e-02
7.662585034013605911e-01,9.326171875000000000e-02
7.778684807256235345e-01,9.667968750000000000e-02
7.894784580498865889e-01,9.716796875000000000e-02
8.010884353741496433e-01,9.375000000000000000e-02
8.126984126984126977e-01,9.277343750000000000e-02
8.243083900226757521e-01,9.130859375000000000e-02
8.359183673469388065e-01,8.935546875000000000e-02
8.475283446712018609e-01,8.935546875000000000e-02
8.591383219954648043e-01,9.814453125000000000e-02
8.707482993197278587e-01,1.088867187500000000e-01
8.823582766439909131e-01,1.611328125000000000e-01
8.939682539682539675e-01,2.451171875000000000e-01
9.055782312925170219e-01,3.198242187500000000e-01
9.171882086167800763e-01,3.911132812500000000e-01
9.287981859410431307e-01,4.228515625000000000e-01
9.404081632653060741e-01,4.218750000000000000e-01
9.520181405895691285e-01,4.287109375000000000e-01
9.636281179138321829e-01,4.394531250000000000e-01
9.752380952380952372e-01,4.526367187500000000e-01
9.868480725623582916e-01,4.638671875000000000e-01
9.984580498866213460e-01,4.418945312500000000e-01
1.010068027210884400e+00,3.613281250000000000e-01
1.021678004535147455e+00,2.807617187500000000e-01
1.033287981859410509e+00,1.967773437500000000e-01
1.044897959183673564e+00,1.372070312500000000e-01
1.056507936507936618e+00,1.328125000000000000e-01
1.068117913832199450e+00,1.269531250000000000e-01
1.079727891156462505e+00,1.328125000000000000e-01
1.091337868480725559e+00,1.376953125000000000e-01
1.102947845804988614e+00,1.425781250000000000e-01
1.114557823129251668e+00,1.352539062500000000e-01
1.126167800453514722e+00,1.191406250000000000e-01
1.137777777777777777e+00,1.040039062500000000e-01
1.149387755102040831e+00,8.837890625000000000e-02
1.160997732426303886e+00,8.154296875000000000e-02
1.172607709750566940e+00,8.105468750000000000e-02
1.184217687074829994e+00,8.398437500000000000e-02
1.195827664399093049e+00,8.398437500000000000e-02
1.207437641723356103e+00,8.593750000000000000e-02
1.219047619047619158e+00,8.593750000000000000e-02
1.230657596371881990e+00,8.789062500000000000e-02
1.242267573696145044e+00,8.935546875000000000e-02
1.253877551020408099e+00,8.837890625000000000e-02
1.265487528344671153e+00,9.033203125000000000e-02
1.277097505668934208e+00,9.033203125000000000e-02
1.288707482993197262e+00,9.521484375000000000e-02
1.300317460317460316e+00,9.814453125000000000e-02
1.311927437641723371e+00,9.667968750000000000e-02
1.323537414965986425e+00,8.984375000000000000e-02
1.335147392290249480e+00,8.691406250000000000e-02
1.346757369614512534e+00,8.300781250000000000e-02
1.358367346938775588e+00,8.251953125000000000e-02
1.369977324263038643e+00,8.447265625000000000e-02
1.381587301587301697e+00,8.154296875000000000e-02
1.393197278911564529e+00,8.691406250000000000e-02
1.404807256235827584e+00,8.544921875000000000e-02
1.416417233560090638e+00,8.984375000000000000e-02
1.428027210884353693e+00,9.423828125000000000e-02
1.439637188208616747e+00,9.521484375000000000e-02
1.451247165532879801e+00,1.035156250000000000e-01
1.462857142857142856e+00,1.035156250000000000e-01
1.474467120181405910e+00,1.040039062500000000e-01
1.486077097505668965e+00,1.049804687500000000e-01
1.497687074829932019e+00,9.619140625000000000e-02
1.509297052154195073e+00,8.984375000000000000e-02
1.520907029478458128e+00,8.349609375000000000e-02
1.532517006802721182e+00,8.105468750000000000e-02
1.544126984126984237e+00,8.789062500000000000e-02
1.555736961451247069e+00,9.375000000000000000e-02
1.567346938775510123e+00,9.472656250000000000e-02
1.578956916099773178e+00,9.521484375000000000e-02
1.590566893424036232e+00,8.984375000000000000e-02
1.602176870748299287e+00,8.447265625000000000e-02
1.613786848072562341e+00,8.447265625000000000e-02
1.625396825396825395e+00,7.958984375000000000e-02
1.637006802721088450e+00,7.812500000000000000e-02
1.648616780045351504e+00,7.910156250000000000e-02
1.660226757369614559e+00,7.861328125000000000e-02
1.671836734693877613e+00,7.910156250000000000e-02
1.683446712018140667e+00,7.617187500000000000e-02
1.695056689342403722e+00,7.519531250000000000e-02
1.706666666666666776e+00,7.275390625000000000e-02
1.718276643990929609e+00,7.324218750000000000e-02
1.729886621315192663e+00,7.763671875000000000e-02
1.741496598639455717e+00,7.617187500000000000e-02
1.753106575963718772e+00,7.519531250000000000e-02
1.764716553287981826e+00,7.568359375000000000e-02
1.776326530612244881e+00,7.617187500000000000e-02
1.787936507936507935e+00,7.958984375000000000e-02
1.799546485260770989e+00,8.837890625000000000e-02
1.811156462585034044e+00,9.521484375000000000e-02
1.822766439909297098e+00,1.000976562500000000e-01
1.834376417233560153e+00,1.044921875000000000e-01
1.845986394557823207e+00,1.030273437500000000e-01
1.857596371882086261e+00,1.015625000000000000e-01
1.869206349206349316e+00,9.960937500000000000e-02
1.880816326530612148e+00,9.228515625000000000e-02
1.892426303854875203e+00,8.642578125000000000e-02
1.904036281179138257e+00,7.910156250000000000e-02
1.915646258503401311e+00,7.617187500000000000e-02
1.927256235827664366e+00,8.300781250000000000e-02
1.938866213151927420e+00,9.130859375000000000e-02
1.950476190476190474e+00,1.025390625000000000e-01
1.962086167800453529e+00,1.093750000000000000e-01
1.973696145124716583e+00,1.113281250000000000e-01
1.985306122448979638e+00,1.127929687500000000e-01
1.996916099773242692e+00,1.118164062500000000e-01
2.008526077097505524e+00,1.113281250000000000e-01
2.020136054421768801e+00,1.098632812500000000e-01
2.031746031746031633e+00,1.079101562500000000e-01
2.043356009070294910e+00,1.064453125000000000e-01
2.054965986394557742e+00,1.010742187500000000e-01
2.066575963718821018e+00,8.984375000000000000e-02
2.078185941043083851e+00,7.763671875000000000e-02
2.089795918367347127e+00,6.396484375000000000e-02
2.101405895691609960e+00,5.664062500000000000e-02
2.113015873015873236e+00,5.322265625000000000e-02
2.124625850340136068e+00,5.957031250000000000e-02
2.136235827664398901e+00,6.884765625000000000e-02
2.147845804988662177e+00,7.714843750000000000e-02
2.159455782312925010e+00,9.033203125000000000e-02
2.171065759637188286e+00,9.375000000000000000e-02
2.182675736961451118e+00,9.521484375000000000e-02
2.194285714285714395e+00,9.326171875000000000e-02
2.205895691609977227e+00,8.935546875000000000e-02
2.217505668934240504e+00,8.496093750000000000e-02
2.229115646258503336e+00,8.056640625000000000e-02
2.240725623582766612e+00,7.861328125000000000e-02
2.252335600907029445e+00,7.714843750000000000e-02
2.263945578231292721e+00,8.300781250000000000e-02
2.275555555555555554e+00,1.074218750000000000e-01
2.287165532879818386e+00,1.435546875000000000e-01
2.298775510204081662e+00,2.138671875000000000e-01
2.310385487528344495e+00,2.416992187500000000e-01
2.321995464852607771e+00,2.216796875000000000e-01
2.333605442176870604e+00,1.782226562500000000e-01
2.345215419501133880e+00,1.079101562500000000e-01
2.356825396825396712e+00,7.617187500000000000e-02
2.368435374149659989e+00,7.128906250000000000e-02
2.380045351473922821e+00,7.861328125000000000e-02
2.391655328798186098e+00,7.812500000000000000e-02
2.403265306122448930e+00,7.861328125000000000e-02
2.414875283446712206e+00,8.398437500000000000e-02
2.426485260770975039e+00,8.886718750000000000e-02
2.438095238095238315e+00,9.228515625000000000e-02
2.449705215419501148e+00,9.326171875000000000e-02
2.461315192743763980e+00,9.179687500000000000e-02
2.472925170068027256e+00,9.033203125000000000e-02
2.484535147392290089e+00,8.837890625000000000e-02
2.496145124716553365e+00,8.544921875000000000e-02
2.507755102040816197e+00,8.447265625000000000e-02
2.519365079365079474e+00,8.056640625000000000e-02
2.530975056689342306e+00,7.617187500000000000e-02
2.542585034013605583e+00,7.519531250000000000e-02
2.554195011337868415e+00,7.275390625000000000e-02
2.565804988662131692e+00,6.591796875000000000e-02
2.577414965986394524e+00,6.689453125000000000e-02
2.589024943310657800e+00,6.494140625000000000e-02
2.600634920634920633e+00,6.152343750000000000e-02
2.612244897959183465e+00,6.445312500000000000e-02
2.623854875283446741e+00,6.250000000000000000e-02
2.635464852607709574e+00,6.103515625000000000e-02
2.647074829931972850e+00,6.396484375000000000e-02
2.658684807256235683e+00,6.640625000000000000e-02
2.670294784580498959e+00,6.445312500000000000e-02
2.681904761904761791e+00,6.933593750000000000e-02
2.693514739229025068e+00,7.031250000000000000e-02
2.705124716553287900e+00,7.421875000000000000e-02
2.716734693877551177e+00,8.105468750000000000e-02
2.728344671201814009e+00,8.447265625000000000e-02
2.739954648526077285e+00,8.837890625000000000e-02
2.751564625850340118e+00,9.521484375000000000e-02
2.763174603174603394e+00,9.912109375000000000e-02
2.774784580498866227e+00,1.035156250000000000e-01
2.786394557823129059e+00,1.074218750000000000e-01
2.798004535147392335e+00,1.083984375000000000e-01
2.809614512471655168e+00,1.098632812500000000e-01
2.821224489795918444e+00,1.103515625000000000e-01
2.832834467120181277e+00,1.079101562500000000e-01
2.844444444444444553e+00,1.010742187500000000e-01
2.856054421768707385e+00,9.667968750000000000e-02
2.867664399092970662e+00,9.667968750000000000e-02
2.879274376417233494e+00,9.667968750000000000e-02
2.890884353741496771e+00,1.025390625000000000e-01
2.902494331065759603e+00,1.044921875000000000e-01
2.914104308390022879e+00,1.015625000000000000e-01
2.925714285714285712e+00,9.863281250000000000e-02
2.937324263038548544e+00,9.472656250000000000e-02
2.948934240362811821e+00,9.765625000000000000e-02
2.960544217687074653e+00,1.015625000000000000e-01
2.972154195011337929e+00,1.069335937500000000e-01
2.983764172335600762e+00,1.113281250000000000e-01
2.995374149659864038e+00,1.113281250000000000e-01
3.006984126984126870e+00,1.074218750000000000e-01
3.018594104308390147e+00,1.049804687500000000e-01
3.030204081632652979e+00,1.010742187500000000e-01
3.041814058956916256e+00,9.228515625000000000e-02
3.053424036281179088e+00,8.544921875000000000e-02
3.065034013605442365e+00,7.812500000000000000e-02
3.076643990929705197e+00,7.324218750000000000e-02
3.088253968253968473e+00,7.519531250000000000e-02
3.099863945578231306e+00,7.714843750000000000e-02
3.111473922902494138e+00,7.958984375000000000e-02
3.123083900226757414e+00,8.300781250000000000e-02
3.134693877551020247e+00,8.203125000000000000e-02
3.146303854875283523e+00,8.056640625000000000e-02
3.157913832199546356e+00,7.763671875000000000e-02
3.169523809523809632e+00,7.128906250000000000e-02
3.181133786848072464e+00,6.787109375000000000e-02
3.192743764172335741e+00,6.298828125000000000e-02
3.204353741496598573e+00,5.712890625000000000e-02
3.215963718820861850e+00,5.468750000000000000e-02
3.227573696145124682e+00,5.517578125000000000e-02
3.239183673469387958e+00,5.908203125000000000e-02
3.250793650793650791e+00,6.250000000000000000e-02
3.262403628117913623e+00,6.250000000000000000e-02
3.274013605442176900e+00,6.152343750000000000e-02
3.285623582766439732e+00,5.664062500000000000e-02
3.297233560090703008e+00,4.980468750000000000e-02
3.308843537414965841e+00,4.589843750000000000e-02
3.320453514739229117e+00,3.955078125000000000e-02
3.332063492063491950e+00,3.662109375000000000e-02
3.343673469387755226e+00,3.662109375000000000e-02
3.355283446712018058e+00,3.955078125000000000e-02
3.366893424036281335e+00,4.248046875000000000e-02
3.378503401360544167e+00,4.882812500000000000e-02
3.390113378684807444e+00,5.664062500000000000e-02
3.401723356009070276e+00,6.103515625000000000e-02
3.413333333333333552e+00,6.884765625000000000e-02
3.424943310657596385e+00,7.031250000000000000e-02
3.436553287981859217e+00,7.373046875000000000e-02
3.448163265306122494e+00,7.080078125000000000e-02
3.459773242630385326e+00,6.494140625000000000e-02
3.471383219954648602e+00,6.347656250000000000e-02
3.482993197278911435e+00,6.298828125000000000e-02
3.494603174603174711e+00,6.591796875000000000e-02
3.506213151927437544e+00,6.640625000000000000e-02
3.517823129251700820e+00,6.738281250000000000e-02
3.529433106575963652e+00,6.298828125000000000e-02
3.541043083900226929e+00,6.445312500000000000e-02
3.552653061224489761e+00,7.177734375000000000e-02
3.564263038548753038e+00,7.666015625000000000e-02
3.575873015873015870e+00,8.007812500000000000e-02
3.587482993197278702e+00,7.910156250000000000e-02
3.599092970521541979e+00,7.421875000000000000e-02
3.610702947845804811e+00,7.128906250000000000e-02
3.622312925170068088e+00,7.177734375000000000e-02
3.633922902494330920e+00,7.226562500000000000e-02
3.645532879818594196e+00,7.177734375000000000e-02
3.657142857142857029e+00,7.275390625000000000e-02
3.668752834467120305e+00,7.470703125000000000e-02
3.680362811791383137e+00,7.861328125000000000e-02
3.691972789115646414e+00,8.544921875000000000e-02
3.703582766439909246e+00,9.082031250000000000e-02
3.715192743764172523e+00,9.375000000000000000e-02
3.726802721088435355e+00,9.716796875000000000e-02
3.738412698412698632e+00,9.814453125000000000e-02
3.750022675736961464e+00,9.765625000000000000e-02
3.761632653061224296e+00,9.716796875000000000e-02
3.773242630385487573e+00,9.375000000000000000e-02
3.784852607709750405e+00,8.886718750000000000e-02
3.796462585034013681e+00,8.544921875000000000e-02
3.808072562358276514e+00,8.349609375000000000e-02
3.819682539682539790e+00,8.154296875000000000e-02
3.831292517006802623e+00,8.154296875000000000e-02
3.842902494331065899e+00,7.958984375000000000e-02
3.854512471655328731e+00,7.666015625000000000e-02
3.866122448979592008e+00,7.421875000000000000e-02
3.877732426303854840e+00,7.226562500000000000e-02
3.889342403628118117e+00,7.275390625000000000e-02
3.900952380952380949e+00,7.373046875000000000e-02
3.912562358276643781e+00,7.470703125000000000e-02
3.924172335600907058e+00,7.666015625000000000e-02
3.935782312925169890e+00,7.861328125000000000e-02
3.947392290249433167e+00,7.617187500000000000e-02
3.959002267573695999e+00,7.714843750000000000e-02
3.970612244897959275e+00,7.812500000000000000e-02
3.982222222222222108e+00,8.056640625000000000e-02
3.993832199546485384e+00,8.984375000000000000e-02
4.005442176870748661e+00,9.570312500000000000e-02
4.017052154195011049e+00,1.005859375000000000e-01
4.028662131519274325e+00,1.015625000000000000e-01
4.040272108843537602e+00,9.375000000000000000e-02
4.051882086167800878e+00,8.496093750000000000e-02
4.063492063492063266e+00,7.617187500000000000e-02
4.075102040816326543e+00,6.787109375000000000e-02
4.086712018140589819e+00,6.494140625000000000e-02
4.098321995464852208e+00,6.445312500000000000e-02
4.109931972789115484e+00,6.689453125000000000e-02
4.121541950113378761e+00,7.080078125000000000e-02
4.133151927437642037e+00,7.373046875000000000e-02
4.144761904761904425e+00,7.519531250000000000e-02
4.156371882086167702e+00,7.714843750000000000e-02
4.167981859410430978e+00,7.470703125000000000e-02
4.179591836734694255e+00,8.056640625000000000e-02
4.191201814058956643e+00,8.203125000000000000e-02
4.202811791383219919e+00,8.300781250000000000e-02
4.214421768707483196e+00,9.130859375000000000e-02
4.226031746031746472e+00,8.984375000000000000e-02
4.237641723356008860e+00,8.789062500000000000e-02
4.249251700680272137e+00,8.398437500000000000e-02
4.260861678004535413e+00,7.324218750000000000e-02
4.272471655328797802e+00,6.933593750000000000e-02
4.284081632653061078e+00,7.470703125000000000e-02
4.295691609977324354e+00,8.300781250000000000e-02
4.307301587301587631e+00,9.375000000000000000e-02
4.318911564625850019e+00,1.049804687500000000e-01
4.330521541950113296e+00,1.118164062500000000e-01
4.342131519274376572e+00,1.123046875000000000e-01
4.353741496598639849e+00,1.147460937500000000e-01
4.365351473922902237e+00,1.059570312500000000e-01
4.376961451247165513e+00,1.450195312500000000e-01
4.388571428571428790e+00,1.582031250000000000e-01
4.400181405895691178e+00,1.459960937500000000e-01
4.411791383219954454e+00,1.459960937500000000e-01
4.423401360544217731e+00,9.423828125000000000e-02
4.435011337868481007e+00,6.933593750000000000e-02
4.446621315192743396e+00,6.933593750000000000e-02
4.458231292517006672e+00,6.738281250000000000e-02
4.469841269841269948e+00,6.542968750000000000e-02
4.481451247165533225e+00,7.031250000000000000e-02
4.493061224489795613e+00,7.373046875000000000e-02
4.504671201814058890e+00,7.226562500000000000e-02
4.516281179138322166e+00,7.470703125000000000e-02
4.527891156462585442e+00,7.324218750000000000e-02
4.539501133786847831e+00,7.177734375000000000e-02
4.551111111111111107e+00,7.128906250000000000e-02
4.562721088435374384e+00,7.226562500000000000e-02
4.574331065759636772e+00,7.666015625000000000e-02
4.585941043083900048e+00,7.714843750000000000e-02
4.597551020408163325e+00,7.910156250000000000e-02
4.609160997732426601e+00,8.154296875000000000e-02
4.620770975056688989e+00,7.910156250000000000e-02
4.632380952380952266e+00,8.007812500000000000e-02
4.643990929705215542e+00,7.958984375000000000e-02
4.655600907029478819e+00,7.714843750000000000e-02
4.667210884353741207e+00,7.861328125000000000e-02
4.678820861678004484e+00,8.007812500000000000e-02
4.690430839002267760e+00,8.154296875000000000e-02
4.702040816326531036e+00,8.593750000000000000e-02
4.713650793650793425e+00,8.544921875000000000e-02
4.725260770975056701e+00,8.447265625000000000e-02
4.736870748299319978e+00,8.496093750000000000e-02
4.748480725623582366e+00,8.300781250000000000e-02
4.760090702947845642e+00,8.154296875000000000e-02
4.771700680272108919e+00,8.447265625000000000e-02
4.783310657596372195e+00,8.691406250000000000e-02
4.794920634920634583e+00,8.642578125000000000e-02
4.806530612244897860e+00,8.789062500000000000e-02
4.818140589569161136e+00,8.593750000000000000e-02
4.829750566893424413e+00,8.349609375000000000e-02
4.841360544217686801e+00,8.251953125000000000e-02
4.852970521541950077e+00,8.203125000000000000e-02
4.864580498866213354e+00,8.056640625000000000e-02
4.876190476190476630e+00,7.617187500000000000e-02
4.887800453514739019e+00,7.470703125000000000e-02
4.899410430839002295e+00,7.324218750000000000e-02
4.911020408163265571e+00,7.080078125000000000e-02
4.922630385487527960e+00,7.324218750000000000e-02
4.934240362811791236e+00,7.568359375000000000e-02
4.945850340136054513e+00,7.519531250000000000e-02
4.957460317460317789e+00,7.568359375000000000e-02
4.969070294784580177e+00,7.421875000000000000e-02
4.980680272108843454e+00,7.324218750000000000e-02
4.992290249433106730e+00,7.324218750000000000e-02
5.003900226757370007e+00,7.666015625000000000e-02
5.015510204081632395e+00,7.910156250000000000e-02
5.027120181405895671e+00,8.544921875000000000e-02
5.038730158730158948e+00,8.886718750000000000e-02
5.050340136054421336e+00,8.740234375000000000e-02
5.061950113378684613e+00,8.349609375000000000e-02
5.073560090702947889e+00,7.812500000000000000e-02
5.085170068027211165e+00,7.373046875000000000e-02
5.096780045351473554e+00,7.275390625000000000e-02
5.108390022675736830e+00,7.470703125000000000e-02
5.120000000000000107e+00,7.666015625000000000e-02
5.131609977324263383e+00,7.812500000000000000e-02
5.143219954648525771e+00,7.861328125000000000e-02
5.154829931972789048e+00,8.203125000000000000e-02
5.166439909297052324e+00,8.105468750000000000e-02
5.178049886621315601e+00,8.593750000000000000e-02
5.189659863945577989e+00,8.789062500000000000e-02
5.201269841269841265e+00,8.496093750000000000e-02
5.212879818594104542e+00,8.398437500000000000e-02
5.224489795918366930e+00,7.958984375000000000e-02
5.236099773242630206e+00,7.470703125000000000e-02
5.247709750566893483e+00,7.128906250000000000e-02
5.259319727891156759e+00,6.738281250000000000e-02
5.270929705215419148e+00,6.494140625000000000e-02
5.282539682539682424e+00,7.080078125000000000e-02
5.294149659863945701e+00,7.568359375000000000e-02
5.305759637188208977e+00,8.154296875000000000e-02
5.317369614512471365e+00,8.496093750000000000e-02
5.328979591836734642e+00,8.642578125000000000e-02
5.340589569160997918e+00,8.593750000000000000e-02
5.352199546485261195e+00,8.837890625000000000e-02
5.363809523809523583e+00,8.789062500000000000e-02
5.375419501133786859e+00,8.398437500000000000e-02
5.387029478458050136e+00,8.251953125000000000e-02
5.398639455782312524e+00,7.568359375000000000e-02
5.410249433106575800e+00,7.519531250000000000e-02
5.421859410430839077e+00,7.763671875000000000e-02
5.433469387755102353e+00,7.958984375000000000e-02
5.445079365079364742e+00,7.910156250000000000e-02
5.456689342403628018e+00,7.568359375000000000e-02
5.468299319727891294e+00,7.031250000000000000e-02
5.479909297052154571e+00,6.933593750000000000e-02
5.491519274376416959e+00,7.324218750000000000e-02
5.503129251700680236e+00,7.470703125000000000e-02
5.514739229024943512e+00,7.568359375000000000e-02
5.526349206349206789e+00,7.324218750000000000e-02
5.537959183673469177e+00,7.177734375000000000e-02
5.549569160997732453e+00,7.470703125000000000e-02
5.561179138321995730e+00,7.714843750000000000e-02
5.572789115646258118e+00,8.007812500000000000e-02
5.584399092970521394e+00,8.154296875000000000e-02
5.596009070294784671e+00,7.910156250000000000e-02
5.607619047619047947e+00,7.617187500000000000e-02
5.619229024943310336e+00,7.519531250000000000e-02
5.630839002267573612e+00,7.275390625000000000e-02
5.642448979591836888e+00,7.958984375000000000e-02
5.654058956916100165e+00,9.033203125000000000e-02
5.665668934240362553e+00,9.863281250000000000e-02
5.677278911564625830e+00,1.074218750000000000e-01
5.688888888888889106e+00,1.074218750000000000e-01
5.700498866213151494e+00,1.152343750000000000e-01
5.712108843537414771e+00,1.113281250000000000e-01
5.723718820861678047e+00,1.049804687500000000e-01
5.735328798185941324e+00,1.005859375000000000e-01
5.746938775510203712e+00,8.642578125000000000e-02
5.758548752834466988e+00,8.300781250000000000e-02
5.770158730158730265e+00,7.958984375000000000e-02
5.781768707482993541e+00,8.056640625000000000e-02
5.793378684807255929e+00,7.812500000000000000e-02
5.804988662131519206e+00,7.812500000000000000e-02
5.816598639455782482e+00,8.007812500000000000e-02
5.828208616780045759e+00,7.958984375000000000e-02
5.839818594104308147e+00,7.812500000000000000e-02
5.851428571428571423e+00,7.763671875000000000e-02
5.863038548752834700e+00,7.666015625000000000e-02
5.874648526077097088e+00,7.470703125000000000e-02
5.886258503401360365e+00,7.470703125000000000e-02
5.897868480725623641e+00,7.470703125000000000e-02
5.909478458049886918e+00,7.568359375000000000e-02
5.921088435374149306e+00,7.714843750000000000e-02
5.932698412698412582e+00,8.154296875000000000e-02
5.944308390022675859e+00,9.130859375000000000e-02
5.955918367346939135e+00,1.118164062500000000e-01
5.967528344671201523e+00,1.420898437500000000e-01
5.979138321995464800e+00,1.821289062500000000e-01
5.990748299319728076e+00,2.119140625000000000e-01
6.002358276643991353e+00,2.343750000000000000e-01
6.013968253968253741e+00,2.631835937500000000e-01
6.025578231292517017e+00,2.597656250000000000e-01
6.037188208616780294e+00,2.285156250000000000e-01
6.048798185941042682e+00,1.933593750000000000e-01
6.060408163265305959e+00,1.376953125000000000e-01
6.072018140589569235e+00,9.912109375000000000e-02
6.083628117913832511e+00,8.593750000000000000e-02
6.095238095238094900e+00,7.666015625000000000e-02
6.106848072562358176e+00,6.884765625000000000e-02
6.118458049886621453e+00,6.787109375000000000e-02
6.130068027210884729e+00,7.421875000000000000e-02
6.141678004535147117e+00,8.251953125000000000e-02
6.153287981859410394e+00,9.326171875000000000e-02
6.164897959183673670e+00,9.960937500000000000e-02
6.176507936507936947e+00,1.025390625000000000e-01
6.188117913832199335e+00,1.005859375000000000e-01
6.199727891156462611e+00,9.667968750000000000e-02
6.211337868480725888e+00,9.130859375000000000e-02
6.222947845804988276e+00,8.789062500000000000e-02
6.234557823129251553e+00,8.300781250000000000e-02
6.246167800453514829e+00,7.812500000000000000e-02
6.257777777777778105e+00,7.128906250000000000e-02
6.269387755102040494e+00,6.640625000000000000e-02
6.280997732426303770e+00,6.787109375000000000e-02
6.292607709750567047e+00,1.088867187500000000e-01
6.304217687074830323e+00,1.884765625000000000e-01
6.315827664399092711e+00,2.836914062500000000e-01
6.327437641723355988e+00,3.774414062500000000e-01
6.339047619047619264e+00,4.174804687500000000e-01
6.350657596371881652e+00,4.067382812500000000e-01
6.362267573696144929e+00,3.652343750000000000e-01
6.373877551020408205e+00,3.164062500000000000e-01
6.385487528344671482e+00,2.705078125000000000e-01
6.397097505668933870e+00,2.285156250000000000e-01
6.408707482993197146e+00,1.875000000000000000e-01
6.420317460317460423e+00,1.420898437500000000e-01
6.431927437641723699e+00,1.118164062500000000e-01
6.443537414965986088e+00,8.837890625000000000e-02
6.455147392290249364e+00,7.568359375000000000e-02
6.466757369614512641e+00,6.884765625000000000e-02
6.478367346938775917e+00,6.298828125000000000e-02
6.489977324263038305e+00,6.250000000000000000e-02
6.501587301587301582e+00,6.396484375000000000e-02
6.513197278911564858e+00,6.396484375000000000e-02
6.524807256235827246e+00,5.908203125000000000e-02
6.536417233560090523e+00,5.468750000000000000e-02
6.548027210884353799e+00,5.175781250000000000e-02
6.559637188208617076e+00,5.419921875000000000e-02
6.571247165532879464e+00,5.615234375000000000e-02
6.582857142857142740e+00,5.859375000000000000e-02
6.594467120181406017e+00,6.054687500000000000e-02
6.606077097505669293e+00,6.005859375000000000e-02
6.617687074829931682e+00,6.445312500000000000e-02
6.629297052154194958e+00,6.738281250000000000e-02
6.640907029478458234e+00,7.128906250000000000e-02
6.652517006802721511e+00,7.373046875000000000e-02
6.664126984126983899e+00,7.519531250000000000e-02
6.675736961451247176e+00,7.812500000000000000e-02
6.687346938775510452e+00,7.910156250000000000e-02
6.698956916099772840e+00,8.105468750000000000e-02
6.710566893424036117e+00,8.056640625000000000e-02
6.722176870748299393e+00,8.300781250000000000e-02
6.733786848072562670e+00,8.300781250000000000e-02
6.745396825396825058e+00,8.398437500000000000e-02
6.757006802721088334e+00,8.642578125000000000e-02
6.768616780045351611e+00,8.398437500000000000e-02
6.780226757369614887e+00,9.765625000000000000e-02
6.791836734693877276e+00,1.059570312500000000e-01
6.803446712018140552e+00,1.040039062500000000e-01
6.815056689342403828e+00,1.049804687500000000e-01
6.826666666666667105e+00,9.033203125000000000e-02
6.838276643990929493e+00,8.105468750000000000e-02
6.849886621315192770e+00,7.958984375000000000e-02
6.861496598639456046e+00,7.763671875000000000e-02
6.873106575963718434e+00,7.617187500000000000e-02
6.884716553287981711e+00,7.568359375000000000e-02
6.896326530612244987e+00,7.666015625000000000e-02
6.907936507936508264e+00,8.007812500000000000e-02
6.919546485260770652e+00,8.203125000000000000e-02
6.931156462585033928e+00,8.203125000000000000e-02
6.942766439909297205e+00,8.056640625000000000e-02
6.954376417233560481e+00,7.617187500000000000e-02
6.965986394557822869e+00,7.275390625000000000e-02
6.977596371882086146e+00,6.835937500000000000e-02
6.989206349206349422e+00,6.982421875000000000e-02
7.000816326530611811e+00,7.275390625000000000e-02
7.012426303854875087e+00,7.519531250000000000e-02
7.024036281179138363e+00,7.910156250000000000e-02
7.035646258503401640e+00,8.056640625000000000e-02
7.047256235827664028e+00,7.568359375000000000e-02
7.058866213151927305e+00,7.373046875000000000e-02
7.070476190476190581e+00,7.080078125000000000e-02
7.082086167800453858e+00,6.445312500000000000e-02
7.093696145124716246e+00,6.542968750000000000e-02
7.105306122448979522e+00,6.933593750000000000e-02
7.116916099773242799e+00,7.568359375000000000e-02
7.128526077097506075e+00,8.544921875000000000e-02
7.140136054421768463e+00,9.619140625000000000e-02
7.151746031746031740e+00,1.088867187500000000e-01
7.163356009070295016e+00,1.230468750000000000e-01
7.174965986394557405e+00,1.308593750000000000e-01
7.186575963718820681e+00,1.298828125000000000e-01
7.198185941043083957e+00,1.250000000000000000e-01
7.209795918367347234e+00,1.186523437500000000e-01
7.221405895691609622e+00,1.123046875000000000e-01
7.233015873015872899e+00,1.093750000000000000e-01
7.244625850340136175e+00,9.765625000000000000e-02
7.256235827664399451e+00,8.740234375000000000e-02
7.267845804988661840e+00,7.666015625000000000e-02
7.279455782312925116e+00,6.542968750000000000e-02
7.291065759637188393e+00,6.396484375000000000e-02
7.302675736961451669e+00,6.640625000000000000e-02
7.314285714285714057e+00,7.324218750000000000e-02
7.325895691609977334e+00,8.007812500000000000e-02
7.337505668934240610e+00,8.544921875000000000e-02
7.349115646258502998e+00,8.447265625000000000e-02
7.360725623582766275e+00,8.056640625000000000e-02
7.372335600907029551e+00,8.007812500000000000e-02
7.383945578231292828e+00,7.958984375000000000e-02
7.395555555555555216e+00,7.812500000000000000e-02
7.407165532879818493e+00,8.105468750000000000e-02
7.418775510204081769e+00,8.300781250000000000e-02
7.430385487528345045e+00,8.105468750000000000e-02
7.441995464852607434e+00,7.763671875000000000e-02
7.453605442176870710e+00,7.177734375000000000e-02
7.465215419501133987e+00,6.445312500000000000e-02
7.476825396825397263e+00,6.396484375000000000e-02
7.488435374149659651e+00,6.738281250000000000e-02
7.500045351473922928e+00,6.982421875000000000e-02
7.511655328798186204e+00,7.275390625000000000e-02
7.523265306122448592e+00,7.275390625000000000e-02
7.534875283446711869e+00,7.275390625000000000e-02
7.546485260770975145e+00,7.421875000000000000e-02
7.558095238095238422e+00,7.421875000000000000e-02
7.569705215419500810e+00,7.568359375000000000e-02
7.581315192743764086e+00,7.226562500000000000e-02
7.592925170068027363e+00,6.640625000000000000e-02
7.604535147392290639e+00,6.298828125000000000e-02
7.616145124716553028e+00,6.103515625000000000e-02
7.627755102040816304e+00,5.810546875000000000e-02
7.639365079365079580e+00,6.201171875000000000e-02
7.650975056689341969e+00,6.298828125000000000e-02
7.662585034013605245e+00,6.542968750000000000e-02
7.674195011337868522e+00,7.031250000000000000e-02
7.685804988662131798e+00,7.226562500000000000e-02
7.697414965986394186e+00,7.861328125000000000e-02
7.709024943310657463e+00,8.251953125000000000e-02
7.720634920634920739e+00,8.789062500000000000e-02
7.732244897959184016e+00,9.326171875000000000e-02
7.743854875283446404e+00,9.716796875000000000e-02
7.755464852607709680e+00,9.960937500000000000e-02
7.767074829931972957e+00,9.667968750000000000e-02
7.778684807256236233e+00,9.375000000000000000e-02
7.790294784580498622e+00,8.837890625000000000e-02
7.801904761904761898e+00,8.642578125000000000e-02
7.813514739229025174e+00,8.789062500000000000e-02
7.825124716553287563e+00,8.886718750000000000e-02
7.836734693877550839e+00,9.228515625000000000e-02
7.848344671201814116e+00,9.228515625000000000e-02
7.859954648526077392e+00,9.228515625000000000e-02
7.871564625850339780e+00,9.228515625000000000e-02
7.883174603174603057e+00,8.935546875000000000e-02
7.894784580498866333e+00,8.642578125000000000e-02
7.906394557823129610e+00,8.544921875000000000e-02
7.918004535147391998e+00,8.251953125000000000e-02
7.929614512471655274e+00,8.300781250000000000e-02
7.941224489795918551e+00,8.349609375000000000e-02
7.952834467120181827e+00,8.105468750000000000e-02
7.964444444444444215e+00,8.007812500000000000e-02
7.976054421768707492e+00,7.812500000000000000e-02
7.987664399092970768e+00,7.910156250000000000e-02
7.999274376417233157e+00,7.861328125000000000e-02
8.010884353741497321e+00,8.300781250000000000e-02
8.022494331065759710e+00,8.789062500000000000e-02
8.034104308390022098e+00,9.130859375000000000e-02
8.045714285714286262e+00,8.984375000000000000e-02
8.057324263038548651e+00,8.496093750000000000e-02
8.068934240362811039e+00,7.763671875000000000e-02
8.080544217687075204e+00,6.835937500000000000e-02
8.092154195011337592e+00,7.080078125000000000e-02
8.103764172335601756e+00,7.617187500000000000e-02
8.115374149659864145e+00,7.812500000000000000e-02
8.126984126984126533e+00,8.154296875000000000e-02
8.138594104308390698e+00,8.154296875000000000e-02
8.150204081632653086e+00,8.496093750000000000e-02
8.161814058956915474e+00,9.082031250000000000e-02
8.173424036281179639e+00,9.619140625000000000e-02
8.185034013605442027e+00,9.960937500000000000e-02
8.196643990929704415e+00,9.570312500000000000e-02
8.208253968253968580e+00,9.472656250000000000e-02
8.219863945578230968e+00,9.033203125000000000e-02
8.231473922902495133e+00,8.544921875000000000e-02
8.243083900226757521e+00,8.056640625000000000e-02
8.254693877551019909e+00,7.324218750000000000e-02
8.266303854875284074e+00,7.080078125000000000e-02
8.277913832199546462e+00,6.835937500000000000e-02
8.289523809523808850e+00,7.226562500000000000e-02
8.301133786848073015e+00,7.470703125000000000e-02
8.312743764172335403e+00,8.300781250000000000e-02
8.324353741496597792e+00,1.088867187500000000e-01
8.335963718820861956e+00,1.171875000000000000e-01
8.347573696145124345e+00,1.254882812500000000e-01
8.359183673469388509e+00,1.274414062500000000e-01
8.370793650793650897e+00,1.127929687500000000e-01
8.382403628117913286e+00,1.103515625000000000e-01
8.394013605442177450e+00,1.113281250000000000e-01
8.405623582766439839e+00,1.108398437500000000e-01
8.417233560090702227e+00,1.069335937500000000e-01
8.428843537414966391e+00,9.912109375000000000e-02
8.440453514739228780e+00,8.837890625000000000e-02
8.452063492063492944e+00,7.714843750000000000e-02
8.463673469387755333e+00,6.738281250000000000e-02
8.475283446712017721e+00,6.982421875000000000e-02
8.486893424036281885e+00,7.177734375000000000e-02
8.498503401360544274e+00,7.568359375000000000e-02
8.510113378684806662e+00,8.007812500000000000e-02
8.521723356009070827e+00,7.958984375000000000e-02
8.533333333333333215e+00,8.007812500000000000e-02
8.544943310657595603e+00,7.763671875000000000e-02
8.556553287981859768e+00,7.519531250000000000e-02
8.568163265306122156e+00,7.275390625000000000e-02
8.579773242630386321e+00,6.884765625000000000e-02
8.591383219954648709e+00,6.250000000000000000e-02
8.602993197278911097e+00,5.078125000000000000e-02
8.614603174603175262e+00,4.541015625000000000e-02
8.626213151927437650e+00,3.906250000000000000e-02
8.637823129251700038e+00,3.808593750000000000e-02
8.649433106575964203e+00,4.541015625000000000e-02
8.661043083900226591e+00,4.980468750000000000e-02
8.672653061224488980e+00,5.712890625000000000e-02
8.684263038548753144e+00,6.103515625000000000e-02
8.695873015873015532e+00,5.664062500000000000e-02
8.707482993197279697e+00,6.054687500000000000e-02
8.719092970521542085e+00,6.542968750000000000e-02
8.730702947845804474e+00,7.080078125000000000e-02
8.742312925170068638e+00,8.398437500000000000e-02
8.753922902494331026e+00,8.447265625000000000e-02
8.765532879818593415e+00,7.958984375000000000e-02
8.777142857142857579e+00,7.666015625000000000e-02
8.788752834467119968e+00,7.373046875000000000e-02
8.800362811791382356e+00,7.031250000000000000e-02
8.811972789115646520e+00,6.982421875000000000e-02
8.823582766439908909e+00,7.031250000000000000e-02
8.835192743764173073e+00,7.128906250000000000e-02
8.846802721088435462e+00,7.373046875000000000e-02
8.858412698412697850e+00,7.763671875000000000e-02
8.870022675736962015e+00,7.910156250000000000e-02
8.881632653061224403e+00,7.763671875000000000e-02
8.893242630385486791e+00,7.421875000000000000e-02
8.904852607709750956e+00,7.275390625000000000e-02
8.916462585034013344e+00,7.080078125000000000e-02
8.928072562358277509e+00,7.421875000000000000e-02
8.939682539682539897e+00,7.861328125000000000e-02
8.951292517006802285e+00,7.812500000000000000e-02
8.962902494331066450e+00,7.763671875000000000e-02
8.974512471655328838e+00,7.421875000000000000e-02
8.986122448979591226e+00,7.373046875000000000e-02
8.997732426303855391e+00,7.714843750000000000e-02
9.009342403628117779e+00,8.056640625000000000e-02
9.020952380952380167e+00,8.544921875000000000e-02
9.032562358276644332e+00,8.935546875000000000e-02
9.044172335600906720e+00,8.642578125000000000e-02
9.055782312925170885e+00,8.251953125000000000e-02
9.067392290249433273e+00,7.519531250000000000e-02
9.079002267573695661e+00,6.640625000000000000e-02
9.090612244897959826e+00,6.494140625000000000e-02
9.102222222222222214e+00,6.787109375000000000e-02
9.113832199546484603e+00,7.177734375000000000e-02
9.125442176870748767e+00,7.519531250000000000e-02
9.137052154195011155e+00,7.763671875000000000e-02
9.148662131519273544e+00,8.056640625000000000e-02
9.160272108843537708e+00,8.593750000000000000e-02
9.171882086167800097e+00,8.886718750000000000e-02
9.183492063492064261e+00,9.179687500000000000e-02
9.195102040816326650e+00,8.789062500000000000e-02
9.206712018140589038e+00,7.910156250000000000e-02
9.218321995464853202e+00,7.519531250000000000e-02
9.229931972789115591e+00,7.226562500000000000e-02
9.241541950113377979e+00,7.324218750000000000e-02
9.253151927437642144e+00,7.861328125000000000e-02
9.264761904761904532e+00,8.251953125000000000e-02
9.276371882086166920e+00,8.251953125000000000e-02
9.287981859410431085e+00,7.763671875000000000e-02
9.299591836734693473e+00,7.373046875000000000e-02
9.311201814058957638e+00,7.177734375000000000e-02
9.322811791383220026e+00,7.226562500000000000e-02
9.334421768707482414e+00,7.714843750000000000e-02
9.346031746031746579e+00,8.056640625000000000e-02
9.357641723356008967e+00,8.154296875000000000e-02
9.369251700680271355e+00,8.398437500000000000e-02
9.380861678004535520e+00,1.030273437500000000e-01
9.392471655328797908e+00,1.323242187500000000e-01
9.404081632653062073e+00,1.811523437500000000e-01
9.415691609977324461e+00,2.543945312500000000e-01
9.427301587301586849e+00,3.032226562500000000e-01
9.438911564625851014e+00,3.256835937500000000e-01
9.450521541950113402e+00,3.237304687500000000e-01
9.462131519274375790e+00,2.666015625000000000e-01
9.473741496598639955e+00,2.065429687500000000e-01
9.485351473922902343e+00,1.572265625000000000e-01
9.496961451247164732e+00,1.118164062500000000e-01
9.508571428571428896e+00,9.130859375000000000e-02
9.520181405895691285e+00,8.105468750000000000e-02
9.531791383219955449e+00,7.617187500000000000e-02
9.543401360544217837e+00,7.031250000000000000e-02
9.555011337868480226e+00,6.591796875000000000e-02
9.566621315192744390e+00,6.542968750000000000e-02
9.578231292517006779e+00,6.591796875000000000e-02
9.589841269841269167e+00,6.396484375000000000e-02
9.601451247165533331e+00,6.201171875000000000e-02
9.613061224489795720e+00,6.005859375000000000e-02
9.624671201814058108e+00,5.761718750000000000e-02
9.636281179138322273e+00,5.957031250000000000e-02
9.647891156462584661e+00,6.347656250000000000e-02
9.659501133786848825e+00,5.761718750000000000e-02
9.671111111111111214e+00,4.980468750000000000e-02
9.682721088435373602e+00,4.345703125000000000e-02
9.694331065759637767e+00,3.173828125000000000e-02
9.705941043083900155e+00,3.076171875000000000e-02
9.717551020408162543e+00,4.052734375000000000e-02
9.729160997732426708e+00,4.785156250000000000e-02
9.740770975056689096e+00,6.298828125000000000e-02
9.752380952380953261e+00,7.226562500000000000e-02
9.763990929705215649e+00,7.177734375000000000e-02
9.775600907029478037e+00,7.177734375000000000e-02
9.787210884353742202e+00,6.738281250000000000e-02
9.798820861678004590e+00,6.738281250000000000e-02
9.810430839002266978e+00,6.396484375000000000e-02
9.822040816326531143e+00,6.494140625000000000e-02
9.833650793650793531e+00,6.933593750000000000e-02
9.845260770975055920e+00,7.080078125000000000e-02
9.856870748299320084e+00,7.568359375000000000e-02
9.868480725623582472e+00,7.373046875000000000e-02
9.880090702947846637e+00,7.226562500000000000e-02
9.891700680272109025e+00,7.031250000000000000e-02
9.903310657596371414e+00,7.177734375000000000e-02
9.914920634920635578e+00,7.470703125000000000e-02
9.926530612244897966e+00,7.763671875000000000e-02
9.938140589569160355e+00,8.105468750000000000e-02
9.949750566893424519e+00,7.714843750000000000e-02
9.961360544217686908e+00,7.568359375000000000e-02
9.972970521541949296e+00,7.177734375000000000e-02
9.984580498866213460e+00,6.982421875000000000e-02
9.996190476190475849e+00,7.421875000000000000e-02
1.000780045351474001e+01,7.714843750000000000e-02
1.001941043083900240e+01,7.910156250000000000e-02
1.003102040816326479e+01,8.496093750000000000e-02
1.004263038548752895e+01,8.300781250000000000e-02
1.005424036281179134e+01,7.763671875000000000e-02
1.006585034013605373e+01,7.519531250000000000e-02
1.007746031746031790e+01,6.542968750000000000e-02
1.008907029478458028e+01,6.201171875000000000e-02
1.010068027210884267e+01,6.591796875000000000e-02
1.011229024943310684e+01,6.640625000000000000e-02
1.012390022675736923e+01,7.080078125000000000e-02
1.013551020408163339e+01,7.519531250000000000e-02
1.014712018140589578e+01,7.617187500000000000e-02
1.015873015873015817e+01,8.251953125000000000e-02
1.017034013605442233e+01,8.349609375000000000e-02
1.018195011337868472e+01,8.642578125000000000e-02
1.019356009070294711e+01,8.691406250000000000e-02
1.020517006802721127e+01,8.544921875000000000e-02
1.021678004535147366e+01,8.398437500000000000e-02
1.022839002267573782e+01,7.958984375000000000e-02
1.024000000000000021e+01,7.324218750000000000e-02
1.025160997732426260e+01,6.640625000000000000e-02
1.026321995464852677e+01,6.396484375000000000e-02
1.027482993197278915e+01,6.250000000000000000e-02
1.028643990929705154e+01,6.835937500000000000e-02
1.029804988662131571e+01,7.177734375000000000e-02
1.030965986394557810e+01,7.324218750000000000e-02
1.032126984126984048e+01,7.763671875000000000e-02
1.033287981859410465e+01,7.763671875000000000e-02
1.034448979591836704e+01,8.056640625000000000e-02
1.035609977324263120e+01,8.447265625000000000e-02
1.036770975056689359e+01,8.398437500000000000e-02
1.037931972789115598e+01,8.398437500000000000e-02
1.039092970521542014e+01,8.300781250000000000e-02
1.040253968253968253e+01,7.958984375000000000e-02
1.041414965986394492e+01,7.519531250000000000e-02
1.042575963718820908e+01,6.640625000000000000e-02
1.043736961451247147e+01,5.615234375000000000e-02
1.044897959183673386e+01,5.273437500000000000e-02
1.046058956916099802e+01,4.736328125000000000e-02
1.047219954648526041e+01,4.785156250000000000e-02
1.048380952380952458e+01,5.078125000000000000e-02
1.049541950113378697e+01,4.931640625000000000e-02
1.050702947845804935e+01,5.566406250000000000e-02
1.051863945578231352e+01,6.250000000000000000e-02
1.053024943310657591e+01,6.591796875000000000e-02
1.054185941043083830e+01,6.884765625000000000e-02
1.055346938775510246e+01,6.005859375000000000e-02
1.056507936507936485e+01,5.419921875000000000e-02
1.057668934240362724e+01,5.273437500000000000e-02
1.058829931972789140e+01,4.248046875000000000e-02
1.059990929705215379e+01,4.150390625000000000e-02
1.061151927437641795e+01,3.662109375000000000e-02
1.062312925170068034e+01,2.783203125000000000e-02
1.063473922902494273e+01,2.978515625000000000e-02
1.064634920634920690e+01,3.222656250000000000e-02
1.065795918367346928e+01,3.613281250000000000e-02
1.066956916099773167e+01,4.296875000000000000e-02
1.068117913832199584e+01,4.638671875000000000e-02
1.069278911564625822e+01,4.345703125000000000e-02
1.070439909297052239e+01,4.248046875000000000e-02
1.071600907029478478e+01,4.541015625000000000e-02
1.072761904761904717e+01,4.589843750000000000e-02
1.073922902494331133e+01,4.980468750000000000e-02
1.075083900226757372e+01,5.224609375000000000e-02
1.076244897959183611e+01,5.273437500000000000e-02
1.077405895691610027e+01,5.712890625000000000e-02
1.078566893424036266e+01,5.810546875000000000e-02
1.079727891156462505e+01,6.054687500000000000e-02
1.080888888888888921e+01,5.273437500000000000e-02
1.082049886621315160e+01,5.175781250000000000e-02
1.083210884353741577e+01,5.419921875000000000e-02
1.084371882086167815e+01,5.712890625000000000e-02
1.085532879818594054e+01,6.396484375000000000e-02
1.086693877551020471e+01,6.542968750000000000e-02
1.087854875283446709e+01,6.933593750000000000e-02
1.089015873015872948e+01,6.738281250000000000e-02
1.090176870748299365e+01,6.933593750000000000e-02
1.091337868480725604e+01,7.177734375000000000e-02
1.092498866213151842e+01,7.324218750000000000e-02
1.093659863945578259e+01,7.763671875000000000e-02
1.094820861678004498e+01,8.056640625000000000e-02
1.095981859410430914e+01,8.349609375000000000e-02
1.097142857142857153e+01,7.861328125000000000e-02
1.098303854875283392e+01,7.470703125000000000e-02
1.099464852607709808e+01,7.177734375000000000e-02
1.100625850340136047e+01,6.787109375000000000e-02
1.101786848072562286e+01,6.787109375000000000e-02
1.102947845804988702e+01,7.031250000000000000e-02
1.104108843537414941e+01,6.835937500000000000e-02
1.105269841269841358e+01,6.738281250000000000e-02
1.106430839002267597e+01,6.445312500000000000e-02
1.107591836734693835e+01,5.859375000000000000e-02
1.108752834467120252e+01,5.859375000000000000e-02
1.109913832199546491e+01,5.517578125000000000e-02
1.111074829931972729e+01,5.859375000000000000e-02
1.112235827664399146e+01,6.054687500000000000e-02
1.113396825396825385e+01,6.250000000000000000e-02
1.114557823129251624e+01,7.373046875000000000e-02
1.115718820861678040e+01,8.398437500000000000e-02
1.116879818594104279e+01,9.326171875000000000e-02
1.118040816326530695e+01,1.015625000000000000e-01
1.119201814058956934e+01,9.863281250000000000e-02
1.120362811791383173e+01,9.228515625000000000e-02
1.121523809523809589e+01,8.691406250000000000e-02
1.122684807256235828e+01,8.154296875000000000e-02
1.123845804988662067e+01,7.958984375000000000e-02
1.125006802721088484e+01,7.861328125000000000e-02
1.126167800453514722e+01,7.714843750000000000e-02
1.127328798185940961e+01,7.617187500000000000e-02
1.128489795918367378e+01,7.421875000000000000e-02
1.129650793650793617e+01,6.933593750000000000e-02
1.130811791383220033e+01,6.787109375000000000e-02
1.131972789115646272e+01,6.982421875000000000e-02
1.133133786848072511e+01,7.226562500000000000e-02
1.134294784580498927e+01,7.958984375000000000e-02
1.135455782312925166e+01,8.447265625000000000e-02
1.136616780045351405e+01,9.619140625000000000e-02
1.137777777777777821e+01,9.912109375000000000e-02
1.138938775510204060e+01,9.912109375000000000e-02
1.140099773242630299e+01,9.082031250000000000e-02
1.141260770975056715e+01,7.128906250000000000e-02
1.142421768707482954e+01,6.201171875000000000e-02
1.143582766439909371e+01,4.785156250000000000e-02
1.144743764172335609e+01,4.687500000000000000e-02
1.145904761904761848e+01,4.394531250000000000e-02
1.147065759637188265e+01,4.199218750000000000e-02
1.148226757369614504e+01,4.833984375000000000e-02
1.149387755102040742e+01,5.273437500000000000e-02
1.150548752834467159e+01,6.347656250000000000e-02
1.151709750566893398e+01,6.982421875000000000e-02
1.152870748299319814e+01,7.128906250000000000e-02
1.154031746031746053e+01,6.787109375000000000e-02
1.155192743764172292e+01,5.615234375000000000e-02
1.156353741496598708e+01,5.126953125000000000e-02
1.157514739229024947e+01,4.980468750000000000e-02
1.158675736961451186e+01,4.296875000000000000e-02
1.159836734693877602e+01,4.589843750000000000e-02
1.160997732426303841e+01,4.638671875000000000e-02
1.162158730158730080e+01,4.443359375000000000e-02
1.163319727891156496e+01,4.150390625000000000e-02
1.164480725623582735e+01,3.613281250000000000e-02
1.165641723356009152e+01,2.734375000000000000e-02
1.166802721088435391e+01,2.001953125000000000e-02
1.167963718820861629e+01,1.757812500000000000e-02
1.169124716553288046e+01,1.660156250000000000e-02
1.170285714285714285e+01,1.367187500000000000e-02
1.171446712018140524e+01,1.806640625000000000e-02
1.172607709750566940e+01,2.490234375000000000e-02
1.173768707482993179e+01,2.880859375000000000e-02
1.174929705215419418e+01,3.759765625000000000e-02
1.176090702947845834e+01,4.052734375000000000e-02
1.177251700680272073e+01,4.248046875000000000e-02
1.178412698412698489e+01,4.541015625000000000e-02
1.179573696145124728e+01,4.736328125000000000e-02
1.180734693877550967e+01,3.906250000000000000e-02
1.181895691609977384e+01,4.052734375000000000e-02
1.183056689342403622e+01,3.906250000000000000e-02
1.184217687074829861e+01,4.443359375000000000e-02
1.185378684807256278e+01,5.126953125000000000e-02
1.186539682539682516e+01,5.175781250000000000e-02
1.187700680272108755e+01,5.712890625000000000e-02
1.188861678004535172e+01,5.664062500000000000e-02
1.190022675736961411e+01,6.445312500000000000e-02
1.191183673469387827e+01,6.591796875000000000e-02
1.192344671201814066e+01,6.542968750000000000e-02
1.193505668934240305e+01,6.738281250000000000e-02
1.194666666666666721e+01,6.494140625000000000e-02
1.195827664399092960e+01,6.201171875000000000e-02
1.196988662131519199e+01,6.201171875000000000e-02
1.198149659863945615e+01,5.664062500000000000e-02
1.199310657596371854e+01,5.517578125000000000e-02
1.200471655328798271e+01,5.615234375000000000e-02
1.201632653061224509e+01,5.371093750000000000e-02
1.202793650793650748e+01,5.126953125000000000e-02
1.203954648526077165e+01,4.833984375000000000e-02
1.205115646258503403e+01,4.736328125000000000e-02
1.206276643990929642e+01,4.736328125000000000e-02
1.207437641723356059e+01,5.419921875000000000e-02
1.208598639455782298e+01,5.468750000000000000e-02
1.209759637188208536e+01,5.859375000000000000e-02
1.210920634920634953e+01,5.908203125000000000e-02
1.212081632653061192e+01,5.371093750000000000e-02
1.213242630385487608e+01,5.371093750000000000e-02
1.214403628117913847e+01,5.029296875000000000e-02
1.215564625850340086e+01,5.371093750000000000e-02
1.216725623582766502e+01,5.419921875000000000e-02
1.217886621315192741e+01,6.347656250000000000e-02
1.219047619047618980e+01,7.177734375000000000e-02
1.220208616780045396e+01,7.568359375000000000e-02
1.221369614512471635e+01,7.861328125000000000e-02
1.222530612244897874e+01,7.324218750000000000e-02
1.223691609977324291e+01,6.787109375000000000e-02
1.224852607709750529e+01,6.542968750000000000e-02
1.226013605442176946e+01,5.859375000000000000e-02
1.227174603174603185e+01,5.322265625000000000e-02
1.228335600907029423e+01,5.615234375000000000e-02
1.229496598639455840e+01,5.468750000000000000e-02
1.230657596371882079e+01,6.152343750000000000e-02
1.231818594104308318e+01,6.982421875000000000e-02
1.232979591836734734e+01,7.080078125000000000e-02
1.234140589569160973e+01,7.421875000000000000e-02
1.235301587301587389e+01,7.470703125000000000e-02
1.236462585034013628e+01,7.617187500000000000e-02
1.237623582766439867e+01,7.861328125000000000e-02
1.238784580498866283e+01,8.056640625000000000e-02
1.239945578231292522e+01,8.007812500000000000e-02
1.241106575963718761e+01,7.617187500000000000e-02
1.242267573696145178e+01,5.957031250000000000e-02
1.243428571428571416e+01,4.394531250000000000e-02
1.244589569160997655e+01,3.466796875000000000e-02
1.245750566893424072e+01,2.490234375000000000e-02
1.246911564625850311e+01,2.636718750000000000e-02
1.248072562358276727e+01,2.490234375000000000e-02
1.249233560090702966e+01,2.343750000000000000e-02
1.250394557823129205e+01,2.880859375000000000e-02
1.251555555555555621e+01,3.759765625000000000e-02
1.252716553287981860e+01,4.785156250000000000e-02
1.253877551020408099e+01,5.615234375000000000e-02
1.255038548752834515e+01,4.980468750000000000e-02
1.256199546485260754e+01,3.906250000000000000e-02
1.257360544217686993e+01,3.173828125000000000e-02
1.258521541950113409e+01,1.855468750000000000e-02
1.259682539682539648e+01,1.513671875000000000e-02
1.260843537414966065e+01,1.220703125000000000e-02
1.262004535147392303e+01,9.277343750000000000e-03
1.263165532879818542e+01,9.765625000000000000e-03
1.264326530612244959e+01,9.765625000000000000e-03
1.265487528344671198e+01,9.277343750000000000e-03
1.266648526077097436e+01,7.324218750000000000e-03
1.267809523809523853e+01,9.765625000000000000e-03
1.268970521541950092e+01,8.300781250000000000e-03
1.270131519274376330e+01,8.789062500000000000e-03
1.271292517006802747e+01,1.220703125000000000e-02
1.272453514739228986e+01,9.277343750000000000e-03
1.273614512471655402e+01,1.171875000000000000e-02
1.274775510204081641e+01,1.611328125000000000e-02
1.275936507936507880e+01,1.806640625000000000e-02
1.277097505668934296e+01,2.099609375000000000e-02
1.278258503401360535e+01,2.148437500000000000e-02
1.279419501133786774e+01,2.148437500000000000e-02
1.280580498866213190e+01,1.757812500000000000e-02
1.281741496598639429e+01,2.001953125000000000e-02
1.282902494331065846e+01,2.246093750000000000e-02
1.284063492063492085e+01,3.515625000000000000e-02
1.285224489795918323e+01,4.101562500000000000e-02
1.286385487528344740e+01,4.833984375000000000e-02
1.287546485260770979e+01,5.664062500000000000e-02
1.288707482993197218e+01,6.201171875000000000e-02
1.289868480725623634e+01,8.789062500000000000e-02
1.291029478458049873e+01,9.326171875000000000e-02
1.292190476190476112e+01,9.033203125000000000e-02
1.293351473922902528e+01,7.861328125000000000e-02
1.294512471655328767e+01,5.468750000000000000e-02
1.295673469387755183e+01,4.394531250000000000e-02
1.296834467120181422e+01,4.541015625000000000e-02
1.297995464852607661e+01,4.589843750000000000e-02
1.299156462585034078e+01,5.273437500000000000e-02
1.300317460317460316e+01,6.298828125000000000e-02
1.301478458049886555e+01,7.031250000000000000e-02
1.302639455782312972e+01,7.958984375000000000e-02
1.303800453514739210e+01,7.470703125000000000e-02
1.304961451247165449e+01,6.494140625000000000e-02
1.306122448979591866e+01,5.517578125000000000e-02
1.307283446712018105e+01,4.345703125000000000e-02
1.308444444444444521e+01,4.833984375000000000e-02
1.309605442176870760e+01,5.126953125000000000e-02
1.310766439909296999e+01,5.615234375000000000e-02
1.311927437641723415e+01,6.298828125000000000e-02
1.313088435374149654e+01,6.201171875000000000e-02
1.314249433106575893e+01,6.445312500000000000e-02
1.315410430839002309e+01,5.371093750000000000e-02
1.316571428571428548e+01,4.345703125000000000e-02
1.317732426303854787e+01,4.492187500000000000e-02
1.318893424036281203e+01,4.492187500000000000e-02
1.320054421768707442e+01,5.566406250000000000e-02
1.321215419501133859e+01,6.152343750000000000e-02
1.322376417233560097e+01,5.810546875000000000e-02
1.323537414965986336e+01,5.273437500000000000e-02
1.324698412698412753e+01,4.882812500000000000e-02
1.325859410430838992e+01,3.808593750000000000e-02
1.327020408163265230e+01,3.515625000000000000e-02
1.328181405895691647e+01,4.101562500000000000e-02
1.329342403628117886e+01,5.273437500000000000e-02
1.330503401360544302e+01,7.324218750000000000e-02
1.331664399092970541e+01,8.642578125000000000e-02
1.332825396825396780e+01,9.179687500000000000e-02
1.333986394557823196e+01,8.349609375000000000e-02
1.335147392290249435e+01,7.861328125000000000e-02
1.336308390022675674e+01,7.421875000000000000e-02
1.337469387755102090e+01,7.324218750000000000e-02
1.338630385487528329e+01,6.933593750000000000e-02
1.339791383219954568e+01,5.810546875000000000e-02
1.340952380952380985e+01,4.345703125000000000e-02
1.342113378684807223e+01,2.978515625000000000e-02
1.343274376417233640e+01,2.099609375000000000e-02
1.344435374149659879e+01,1.708984375000000000e-02
1.345596371882086117e+01,1.708984375000000000e-02
1.346757369614512534e+01,1.513671875000000000e-02
1.347918367346938773e+01,2.099609375000000000e-02
1.349079365079365012e+01,2.441406250000000000e-02
1.350240362811791428e+01,3.466796875000000000e-02
1.351401360544217667e+01,4.785156250000000000e-02
1.352562358276643906e+01,5.908203125000000000e-02
1.353723356009070322e+01,7.080078125000000000e-02
1.354884353741496561e+01,6.982421875000000000e-02
1.356045351473922977e+01,5.566406250000000000e-02
1.357206349206349216e+01,4.150390625000000000e-02
1.358367346938775455e+01,2.294921875000000000e-02
1.359528344671201872e+01,1.269531250000000000e-02
1.360689342403628110e+01,1.318359375000000000e-02
1.361850340136054349e+01,1.220703125000000000e-02
1.363011337868480766e+01,1.318359375000000000e-02
1.364172335600907005e+01,1.269531250000000000e-02
1.365333333333333421e+01,1.025390625000000000e-02
1.366494331065759660e+01,8.300781250000000000e-03
1.367655328798185899e+01,7.812500000000000000e-03
1.368816326530612315e+01,6.835937500000000000e-03
1.369977324263038554e+01,6.835937500000000000e-03
1.371138321995464793e+01,6.835937500000000000e-03
1.372299319727891209e+01,6.835937500000000000e-03
1.373460317460317448e+01,6.347656250000000000e-03
1.374621315192743687e+01,7.324218750000000000e-03
1.375782312925170103e+01,9.277343750000000000e-03
1.376943310657596342e+01,8.789062500000000000e-03
1.378104308390022759e+01,1.025390625000000000e-02
1.379265306122448997e+01,1.025390625000000000e-02
1.380426303854875236e+01,7.812500000000000000e-03
1.381587301587301653e+01,8.300781250000000000e-03
1.382748299319727892e+01,1.074218750000000000e-02
1.383909297052154130e+01,1.562500000000000000e-02
1.385070294784580547e+01,1.904296875000000000e-02
1.386231292517006786e+01,2.880859375000000000e-02
1.387392290249433024e+01,3.027343750000000000e-02
1.388553287981859441e+01,3.369140625000000000e-02
1.389714285714285680e+01,3.564453125000000000e-02
1.390875283446712096e+01,3.564453125000000000e-02
1.392036281179138335e+01,3.808593750000000000e-02
1.393197278911564574e+01,4.003906250000000000e-02
1.394358276643990990e+01,4.101562500000000000e-02
1.395519274376417229e+01,3.759765625000000000e-02
1.396680272108843468e+01,3.515625000000000000e-02
1.397841269841269884e+01,3.417968750000000000e-02
1.399002267573696123e+01,4.443359375000000000e-02
1.400163265306122362e+01,5.419921875000000000e-02
1.401324263038548779e+01,7.128906250000000000e-02
1.402485260770975017e+01,7.763671875000000000e-02
1.403646258503401434e+01,8.251953125000000000e-02
1.404807256235827673e+01,7.421875000000000000e-02
1.405968253968253912e+01,5.664062500000000000e-02
1.407129251700680328e+01,4.492187500000000000e-02
1.408290249433106567e+01,2.832031250000000000e-02
1.409451247165532806e+01,2.197265625000000000e-02
1.410612244897959222e+01,2.343750000000000000e-02
1.411773242630385461e+01,1.806640625000000000e-02
1.412934240362811877e+01,1.953125000000000000e-02
1.414095238095238116e+01,2.441406250000000000e-02
1.415256235827664355e+01,2.539062500000000000e-02
1.416417233560090772e+01,2.734375000000000000e-02
1.417578231292517010e+01,3.125000000000000000e-02
1.418739229024943249e+01,3.320312500000000000e-02
1.419900226757369666e+01,3.369140625000000000e-02
1.421061224489795904e+01,4.248046875000000000e-02
1.422222222222222143e+01,3.759765625000000000e-02
1.423383219954648560e+01,3.369140625000000000e-02
1.424544217687074799e+01,3.417968750000000000e-02
1.425705215419501215e+01,2.685546875000000000e-02
1.426866213151927454e+01,2.148437500000000000e-02
1.428027210884353693e+01,2.539062500000000000e-02
1.429188208616780109e+01,3.027343750000000000e-02
1.430349206349206348e+01,3.515625000000000000e-02
1.431510204081632587e+01,4.443359375000000000e-02
1.432671201814059003e+01,5.468750000000000000e-02
1.433832199546485242e+01,4.980468750000000000e-02
1.434993197278911481e+01,4.541015625000000000e-02
1.436154195011337897e+01,4.345703125000000000e-02
1.437315192743764136e+01,3.320312500000000000e-02
1.438476190476190553e+01,2.880859375000000000e-02
1.439637188208616791e+01,2.636718750000000000e-02
1.440798185941043030e+01,1.855468750000000000e-02
1.441959183673469447e+01,1.220703125000000000e-02
1.443120181405895686e+01,9.277343750000000000e-03
1.444281179138321924e+01,8.789062500000000000e-03
1.445442176870748341e+01,8.300781250000000000e-03
1.446603174603174580e+01,7.812500000000000000e-03
1.447764172335600819e+01,1.025390625000000000e-02
1.448925170068027235e+01,1.220703125000000000e-02
1.450086167800453474e+01,1.464843750000000000e-02
1.451247165532879890e+01,1.806640625000000000e-02
1.452408163265306129e+01,2.587890625000000000e-02
1.453569160997732368e+01,3.027343750000000000e-02
1.454730158730158784e+01,3.222656250000000000e-02
1.455891156462585023e+01,2.783203125000000000e-02
1.457052154195011262e+01,2.001953125000000000e-02
1.458213151927437679e+01,1.318359375000000000e-02
1.459374149659863917e+01,9.277343750000000000e-03
1.460535147392290334e+01,1.025390625000000000e-02
1.461696145124716573e+01,9.765625000000000000e-03
1.462857142857142811e+01,9.277343750000000000e-03
1.464018140589569228e+01,8.789062500000000000e-03
1.465179138321995467e+01,7.324218750000000000e-03
1.466340136054421706e+01,5.859375000000000000e-03
1.467501133786848122e+01,7.324218750000000000e-03
1.468662131519274361e+01,7.324218750000000000e-03
1.469823129251700600e+01,8.789062500000000000e-03
1.470984126984127016e+01,8.300781250000000000e-03
1.472145124716553255e+01,7.324218750000000000e-03
1.473306122448979671e+01,6.835937500000000000e-03
1.474467120181405910e+01,5.859375000000000000e-03
1.475628117913832149e+01,5.371093750000000000e-03
1.476789115646258566e+01,6.347656250000000000e-03
1.477950113378684804e+01,5.859375000000000000e-03
1.479111111111111043e+01,6.347656250000000000e-03
1.480272108843537460e+01,6.835937500000000000e-03
1.481433106575963699e+01,5.859375000000000000e-03
1.482594104308389937e+01,8.789062500000000000e-03
1.483755102040816354e+01,1.074218750000000000e-02
1.484916099773242593e+01,1.367187500000000000e-02
1.486077097505669009e+01,1.806640625000000000e-02
1.487238095238095248e+01,1.904296875000000000e-02
1.488399092970521487e+01,2.197265625000000000e-02
1.489560090702947903e+01,2.148437500000000000e-02
1.490721088435374142e+01,2.685546875000000000e-02
1.491882086167800381e+01,3.076171875000000000e-02
1.493043083900226797e+01,2.978515625000000000e-02
1.494204081632653036e+01,3.076171875000000000e-02
1.495365079365079453e+01,3.076171875000000000e-02
1.496526077097505691e+01,2.880859375000000000e-02
1.497687074829931930e+01,3.271484375000000000e-02
1.498848072562358347e+01,3.759765625000000000e-02
1.500009070294784586e+01,3.417968750000000000e-02
1.501170068027210824e+01,3.564453125000000000e-02
1.502331065759637241e+01,3.027343750000000000e-02
1.503492063492063480e+01,2.490234375000000000e-02
1.504653061224489718e+01,2.001953125000000000e-02
1.505814058956916135e+01,1.611328125000000000e-02
1.506975056689342374e+01,1.416015625000000000e-02
1.508136054421768790e+01,1.318359375000000000e-02
1.509297052154195029e+01,1.464843750000000000e-02
1.510458049886621268e+01,1.611328125000000000e-02
1.511619047619047684e+01,1.708984375000000000e-02
1.512780045351473923e+01,1.953125000000000000e-02
1.513941043083900162e+01,2.050781250000000000e-02
1.515102040816326578e+01,1.757812500000000000e-02
1.516263038548752817e+01,1.611328125000000000e-02
1.517424036281179056e+01,1.611328125000000000e-02
1.518585034013605473e+01,1.855468750000000000e-02
1.519746031746031711e+01,2.392578125000000000e-02
1.520907029478458128e+01,2.636718750000000000e-02
1.522068027210884367e+01,2.587890625000000000e-02
1.523229024943310606e+01,2.148437500000000000e-02
1.524390022675737022e+01,1.708984375000000000e-02
1.525551020408163261e+01,1.660156250000000000e-02
1.526712018140589500e+01,1.367187500000000000e-02
1.527873015873015916e+01,1.660156250000000000e-02
1.529034013605442155e+01,2.734375000000000000e-02
1.530195011337868394e+01,3.417968750000000000e-02
1.531356009070294810e+01,4.541015625000000000e-02
1.532517006802721049e+01,5.908203125000000000e-02
1.533678004535147466e+01,6.005859375000000000e-02
1.534839002267573704e+01,6.347656250000000000e-02
1.535999999999999943e+01,6.152343750000000000e-02
1.537160997732426360e+01,6.640625000000000000e-02
1.538321995464852598e+01,5.859375000000000000e-02
1.539482993197278837e+01,4.687500000000000000e-02
1.540643990929705254e+01,3.759765625000000000e-02
1.541804988662131493e+01,1.513671875000000000e-02
1.542965986394557909e+01,8.789062500000000000e-03
1.544126984126984148e+01,8.300781250000000000e-03
1.545287981859410387e+01,7.324218750000000000e-03
1.546448979591836803e+01,6.835937500000000000e-03
1.547609977324263042e+01,8.789062500000000000e-03
1.548770975056689281e+01,8.789062500000000000e-03
1.549931972789115697e+01,9.277343750000000000e-03
1.551092970521541936e+01,1.171875000000000000e-02
1.552253968253968175e+01,1.513671875000000000e-02
1.553414965986394591e+01,1.806640625000000000e-02
1.554575963718820830e+01,2.050781250000000000e-02
1.555736961451247247e+01,1.806640625000000000e-02
1.556897959183673485e+01,1.318359375000000000e-02
1.558058956916099724e+01,9.765625000000000000e-03
1.559219954648526141e+01,7.324218750000000000e-03
1.560380952380952380e+01,7.324218750000000000e-03
1.561541950113378618e+01,1.074218750000000000e-02
1.562702947845805035e+01,1.025390625000000000e-02
1.563863945578231274e+01,9.765625000000000000e-03
1.565024943310657513e+01,1.025390625000000000e-02
1.566185941043083929e+01,6.347656250000000000e-03
1.567346938775510168e+01,8.789062500000000000e-03
1.568507936507936584e+01,1.660156250000000000e-02
1.569668934240362823e+01,1.855468750000000000e-02
1.570829931972789062e+01,1.855468750000000000e-02
1.571990929705215478e+01,1.953125000000000000e-02
1.573151927437641717e+01,1.123046875000000000e-02
1.574312925170067956e+01,9.277343750000000000e-03
1.575473922902494373e+01,9.277343750000000000e-03
1.576634920634920611e+01,5.859375000000000000e-03
1.577795918367346850e+01,6.347656250000000000e-03
1.578956916099773267e+01,5.371093750000000000e-03
1.580117913832199505e+01,5.371093750000000000e-03
1.581278911564625922e+01,6.347656250000000000e-03
1.582439909297052161e+01,6.347656250000000000e-03
1.583600907029478400e+01,6.835937500000000000e-03
1.584761904761904816e+01,8.300781250000000000e-03
1.585922902494331055e+01,1.123046875000000000e-02
1.587083900226757294e+01,1.123046875000000000e-02
1.588244897959183710e+01,1.464843750000000000e-02
1.589405895691609949e+01,1.660156250000000000e-02
1.590566893424036365e+01,1.660156250000000000e-02
1.591727891156462604e+01,2.050781250000000000e-02
1.592888888888888843e+01,1.806640625000000000e-02
1.594049886621315260e+01,1.562500000000000000e-02
1.595210884353741498e+01,1.660156250000000000e-02
1.596371882086167737e+01,1.269531250000000000e-02
1.597532879818594154e+01,1.367187500000000000e-02
1.598693877551020393e+01,1.367187500000000000e-02
1.599854875283446631e+01,1.220703125000000000e-02
1.601015873015872870e+01,1.562500000000000000e-02
1.602176870748299464e+01,1.318359375000000000e-02
1.603337868480725703e+01,4.394531250000000000e-02
1.604498866213151942e+01,7.666015625000000000e-02
1.605659863945578181e+01,7.177734375000000000e-02
1.606820861678004420e+01,7.031250000000000000e-02
