f1,f2,f3,f4
0.000000000000000000e+00,0.000000000000000000e+00,0.000000000000000000e+00,0.000000000000000000e+00
9.635572945018620885e+02,2.459965562216653325e+03,0.000000000000000000e+00,0.000000000000000000e+00
2.630098596477644605e+03,0.000000000000000000e+00,0.000000000000000000e+00,0.000000000000000000e+00
2.327863663839589663e+03,0.000000000000000000e+00,0.000000000000000000e+00,0.000000000000000000e+00
1.909356367928827694e+03,3.542475479152966727e+03,0.000000000000000000e+00,0.000000000000000000e+00
2.235905727002038020e+03,0.000000000000000000e+00,0.000000000000000000e+00,0.000000000000000000e+00
2.094433121537769239e+03,0.000000000000000000e+00,0.000000000000000000e+00,0.000000000000000000e+00
1.852623505156729152e+03,3.072749259187944972e+03,0.000000000000000000e+00,0.000000000000000000e+00
2.077004832713437736e+03,0.000000000000000000e+00,0.000000000000000000e+00,0.000000000000000000e+00
2.568135770742525210e+02,2.527016759755247676e+03,0.000000000000000000e+00,0.000000000000000000e+00
4.412224768095813943e+02,2.480631492341045941e+03,0.000000000000000000e+00,0.000000000000000000e+00
6.232031539767561981e+02,2.400686419937681421e+03,0.000000000000000000e+00,0.000000000000000000e+00
2.570744305513052041e+03,0.000000000000000000e+00,0.000000000000000000e+00,0.000000000000000000e+00
2.634863347308315497e+03,0.000000000000000000e+00,0.000000000000000000e+00,0.000000000000000000e+00
2.773267586606815712e+03,0.000000000000000000e+00,0.000000000000000000e+00,0.000000000000000000e+00
6.810625918296459531e+02,2.833188347266489927e+03,0.000000000000000000e+00,0.000000000000000000e+00
5.859761931583429941e+02,2.623093057719100216e+03,0.000000000000000000e+00,0.000000000000000000e+00
1.391479311367423634e+03,2.248143152410073981e+03,2.837063563493906258e+03,0.000000000000000000e+00
2.206932734238102967e+03,2.447611638880882310e+03,2.791848028627195617e+03,0.000000000000000000e+00
2.257567802938499426e+03,2.605295942529741751e+03,3.447125535795916221e+03,0.000000000000000000e+00
5.115871053513611741e+02,2.497386549599557839e+03,0.000000000000000000e+00,0.000000000000000000e+00
6.816643916750228982e+02,2.394280229298688027e+03,0.000000000000000000e+00,0.000000000000000000e+00
1.093701259784729245e+03,2.274572636791524019e+03,3.967069656535529248e+03,0.000000000000000000e+00
1.800989244338549497e+03,2.284989725950233151e+03,2.449327625755563531e+03,0.000000000000000000e+00
1.640188828106816118e+03,2.490916313708081361e+03,3.148751991476715830e+03,0.000000000000000000e+00
1.605874536474822662e+03,2.525619146785780686e+03,2.657186855893272423e+03,0.000000000000000000e+00
1.468475306262866070e+03,2.347152875246828899e+03,3.359419276718241235e+03,0.000000000000000000e+00
1.475459242514470816e+03,2.467098864930375385e+03,3.149200346851724134e+03,0.000000000000000000e+00
1.776371057438117759e+03,2.474695597591122805e+03,2.602558241118633759e+03,0.000000000000000000e+00
1.882607991659364188e+03,2.650749413140748857e+03,0.000000000000000000e+00,0.000000000000000000e+00
1.659092964073940493e+03,2.258676380906877512e+03,3.100749998026080448e+03,0.000000000000000000e+00
4.617266416638799456e+02,2.157844683757690746e+03,2.513016374173468193e+03,0.000000000000000000e+00
2.171347952484282814e+03,2.535287035499061858e+03,0.000000000000000000e+00,0.000000000000000000e+00
2.014914751692345590e+03,2.545442566779355275e+03,0.000000000000000000e+00,0.000000000000000000e+00
1.798925856981762308e+03,2.361486638800255150e+03,0.000000000000000000e+00,0.000000000000000000e+00
1.839530229263419869e+03,2.740480979448492235e+03,0.000000000000000000e+00,0.000000000000000000e+00
1.952218913029018267e+03,0.000000000000000000e+00,0.000000000000000000e+00,0.000000000000000000e+00
1.951662290954962600e+03,0.000000000000000000e+00,0.000000000000000000e+00,0.000000000000000000e+00
2.083768961867164762e+03,0.000000000000000000e+00,0.000000000000000000e+00,0.000000000000000000e+00
2.059657500250925750e+03,0.000000000000000000e+00,0.000000000000000000e+00,0.000000000000000000e+00
2.020617142204988113e+03,0.000000000000000000e+00,0.000000000000000000e+00,0.000000000000000000e+00
1.594671225659899392e+03,2.469366726033843861e+03,0.000000000000000000e+00,0.000000000000000000e+00
1.228172051654057896e+03,2.630515443192926796e+03,0.000000000000000000e+00,0.000000000000000000e+00
9.899554232748722598e+02,2.662114319028616137e+03,0.000000000000000000e+00,0.000000000000000000e+00
1.364575447428393318e+03,2.853054654050133195e+03,0.000000000000000000e+00,0.000000000000000000e+00
1.701020574226589360e+03,2.697068857371031299e+03,0.000000000000000000e+00,0.000000000000000000e+00
1.635695670667331569e+03,2.709461047404089186e+03,0.000000000000000000e+00,0.000000000000000000e+00
1.692920039167624509e+03,2.552154537468518356e+03,0.000000000000000000e+00,0.000000000000000000e+00
1.651917651155147041e+03,2.561013104164970173e+03,0.000000000000000000e+00,0.000000000000000000e+00
1.655632918184165419e+03,2.681187862877050065e+03,0.000000000000000000e+00,0.000000000000000000e+00
1.643755093611928714e+03,2.565599804718565792e+03,0.000000000000000000e+00,0.000000000000000000e+00
1.676835837197255159e+03,2.647324669017130418e+03,0.000000000000000000e+00,0.000000000000000000e+00
1.697299934917196197e+03,2.761872649424744395e+03,0.000000000000000000e+00,0.000000000000000000e+00
1.710862936939825886e+03,2.656624102850124018e+03,0.000000000000000000e+00,0.000000000000000000e+00
1.637024157575866639e+03,2.594587825390071430e+03,0.000000000000000000e+00,0.000000000000000000e+00
1.655575229295155850e+03,2.444931515752152791e+03,0.000000000000000000e+00,0.000000000000000000e+00
1.702246534033961325e+03,2.702501589331528976e+03,0.000000000000000000e+00,0.000000000000000000e+00
2.111443487906605242e+03,2.673617202744228962e+03,0.000000000000000000e+00,0.000000000000000000e+00
1.908645028535434676e+03,2.480754910560769986e+03,3.877207807054142449e+03,0.000000000000000000e+00
1.984314576484365261e+03,2.443676658526613664e+03,3.672112082337382162e+03,0.000000000000000000e+00
1.631365911070420452e+03,2.533241205554129010e+03,0.000000000000000000e+00,0.000000000000000000e+00
1.237263576536456185e+03,1.700866917394982011e+03,2.661942662886011476e+03,0.000000000000000000e+00
1.667652066910557096e+03,2.257360382628291973e+03,2.739015225358753469e+03,0.000000000000000000e+00
1.802145318105547858e+03,2.439046160247678472e+03,3.537846954417390407e+03,0.000000000000000000e+00
1.701427860616448470e+03,2.588610982169711406e+03,0.000000000000000000e+00,0.000000000000000000e+00
1.629262627476990929e+03,2.478356063278814872e+03,3.568701868771937825e+03,0.000000000000000000e+00
1.628532338355038064e+03,2.377622308421947309e+03,2.573948476004981785e+03,0.000000000000000000e+00
1.894858481734429915e+03,2.685012960543446752e+03,0.000000000000000000e+00,0.000000000000000000e+00
4.691885834775465582e+02,1.808399342773851231e+03,2.692351910777865669e+03,0.000000000000000000e+00
6.658274305797631314e+02,2.050962340363685144e+03,2.870834106682977108e+03,0.000000000000000000e+00
1.404927650981064289e+03,2.278333696068343215e+03,3.251215219915456146e+03,0.000000000000000000e+00
1.691435433068987550e+03,2.420576983966116131e+03,3.135196074206987305e+03,0.000000000000000000e+00
1.744119236484855719e+03,2.425434715079127272e+03,3.463215064617655571e+03,0.000000000000000000e+00
2.313997641711317101e+03,2.434856312965364850e+03,2.718607432787586276e+03,0.000000000000000000e+00
2.249326014243062673e+03,2.815136494645658331e+03,0.000000000000000000e+00,0.000000000000000000e+00
2.156271114842401857e+03,2.479615997953453189e+03,0.000000000000000000e+00,0.000000000000000000e+00
4.556457267297643057e+02,2.413402148559775924e+03,3.995333408449416311e+03,0.000000000000000000e+00
2.217943100832754226e+03,2.841089622667022468e+03,0.000000000000000000e+00,0.000000000000000000e+00
2.340854493909024313e+03,2.783576068989430041e+03,0.000000000000000000e+00,0.000000000000000000e+00
2.343490115793076257e+03,2.680238840208131933e+03,0.000000000000000000e+00,0.000000000000000000e+00
2.317410711438445560e+03,2.606637642723613681e+03,0.000000000000000000e+00,0.000000000000000000e+00
2.280951441432473530e+03,2.568324751042485786e+03,0.000000000000000000e+00,0.000000000000000000e+00
2.221596985190760734e+03,2.546629522832524344e+03,0.000000000000000000e+00,0.000000000000000000e+00
3.044660408493118098e+02,2.378212352491260845e+03,3.457824782234460145e+03,0.000000000000000000e+00
4.958389457352740806e+02,2.369484007332574492e+03,0.000000000000000000e+00,0.000000000000000000e+00
1.765050333712198608e+03,2.479203073880039483e+03,0.000000000000000000e+00,0.000000000000000000e+00
1.926005499928643076e+03,2.580946190381255292e+03,0.000000000000000000e+00,0.000000000000000000e+00
1.929287842839807354e+03,2.827729015029430684e+03,0.000000000000000000e+00,0.000000000000000000e+00
1.829317206985208486e+03,2.827266173538908333e+03,0.000000000000000000e+00,0.000000000000000000e+00
1.645927212113881069e+03,2.266817274850247941e+03,3.918626749434568410e+03,0.000000000000000000e+00
1.701593391952311322e+03,1.808075752248034860e+03,0.000000000000000000e+00,0.000000000000000000e+00
1.726434591946568162e+03,0.000000000000000000e+00,0.000000000000000000e+00,0.000000000000000000e+00
1.496974557447578263e+03,3.969275731694570823e+03,0.000000000000000000e+00,0.000000000000000000e+00
1.834864698773548753e+03,0.000000000000000000e+00,0.000000000000000000e+00,0.000000000000000000e+00
1.180760913209264118e+03,2.102798021669244918e+03,0.000000000000000000e+00,0.000000000000000000e+00
1.630695926707530589e+03,2.754279916776323716e+03,0.000000000000000000e+00,0.000000000000000000e+00
1.728512373556671719e+03,2.880390905760782061e+03,0.000000000000000000e+00,0.000000000000000000e+00
1.039602274187352123e+03,2.288515990307501397e+03,0.000000000000000000e+00,0.000000000000000000e+00
1.413932352147088523e+03,2.278409136682231747e+03,3.749023043386991958e+03,0.000000000000000000e+00
1.328086992891583577e+03,1.902425601296965851e+03,2.858569693550016382e+03,0.000000000000000000e+00
1.688458025985710947e+03,2.729042493630452100e+03,0.000000000000000000e+00,0.000000000000000000e+00
1.585297985741878165e+03,2.621275036998020369e+03,0.000000000000000000e+00,0.000000000000000000e+00
1.791480913009377673e+03,2.590494668452800852e+03,0.000000000000000000e+00,0.000000000000000000e+00
7.186537109648998012e+02,2.071953785301262997e+03,2.504369700006829135e+03,0.000000000000000000e+00
9.375015202286183467e+02,1.802845581914788681e+03,2.632828297638536242e+03,0.000000000000000000e+00
7.734408849185718964e+02,1.566929141007876069e+03,2.286439235790510793e+03,0.000000000000000000e+00
5.716851169240362651e+02,1.694486660571947368e+03,2.593195670815781796e+03,0.000000000000000000e+00
1.177742629474711066e+03,2.080936831071312554e+03,2.438531895984511721e+03,0.000000000000000000e+00
1.457178782123270139e+03,1.686833075913432367e+03,2.557091160743412729e+03,0.000000000000000000e+00
1.892690234319390129e+03,2.782811124655482217e+03,0.000000000000000000e+00,0.000000000000000000e+00
2.216976585034145955e+03,2.818254902873163246e+03,0.000000000000000000e+00,0.000000000000000000e+00
2.212954595207701004e+03,2.708067866094018882e+03,0.000000000000000000e+00,0.000000000000000000e+00
2.242092728032830109e+03,2.711686778649725511e+03,0.000000000000000000e+00,0.000000000000000000e+00
2.232414071938907909e+03,2.731327806934132241e+03,0.000000000000000000e+00,0.000000000000000000e+00
2.305386463793075109e+03,2.627153456362324505e+03,0.000000000000000000e+00,0.000000000000000000e+00
8.334508031202782377e+02,2.513240609089577902e+03,0.000000000000000000e+00,0.000000000000000000e+00
2.062231217876108076e+03,2.381638497728716629e+03,0.000000000000000000e+00,0.000000000000000000e+00
1.888126000959439807e+03,2.452728789917967788e+03,3.187396791090127408e+03,0.000000000000000000e+00
1.808061942975160036e+03,2.504967202624818128e+03,2.906992410938429657e+03,0.000000000000000000e+00
2.301908652698057722e+03,2.452750425320796239e+03,2.509912375807040007e+03,0.000000000000000000e+00
2.423349668636900333e+03,2.545281451036790713e+03,0.000000000000000000e+00,0.000000000000000000e+00
8.673366474720072574e+02,2.312443577631984226e+03,3.634380155212498721e+03,0.000000000000000000e+00
1.505185740429470798e+03,2.475237496745555745e+03,0.000000000000000000e+00,0.000000000000000000e+00
1.355987156124671174e+03,1.592527101216758865e+03,2.586650990709380494e+03,0.000000000000000000e+00
1.563500437002837316e+03,2.228874586114098747e+03,2.354042946040788593e+03,0.000000000000000000e+00
1.750127245887316576e+03,2.601696779676724418e+03,0.000000000000000000e+00,0.000000000000000000e+00
1.608702403169115314e+03,2.490167103143852273e+03,0.000000000000000000e+00,0.000000000000000000e+00
1.184350996723224171e+03,1.854813588951561087e+03,2.593959419109473401e+03,0.000000000000000000e+00
7.857132168326277224e+02,2.007969747387806819e+03,3.671302187198538377e+03,0.000000000000000000e+00
1.381106804859956810e+03,1.414509838319759865e+03,2.882870865599543322e+03,0.000000000000000000e+00
1.394028224669267274e+03,2.496080015689849006e+03,0.000000000000000000e+00,0.000000000000000000e+00
1.377640276303085102e+03,2.534463907214267238e+03,0.000000000000000000e+00,0.000000000000000000e+00
1.340373318153616083e+03,2.720379853630412981e+03,0.000000000000000000e+00,0.000000000000000000e+00
1.244978368649509775e+03,2.591067045735511329e+03,0.000000000000000000e+00,0.000000000000000000e+00
9.335294845987820054e+02,3.544189633670855073e+03,0.000000000000000000e+00,0.000000000000000000e+00
1.055455362166306941e+03,1.846147915225034922e+03,3.567542543811361611e+03,0.000000000000000000e+00
1.128763000586071485e+03,1.591976410700429369e+03,2.883624073689454235e+03,0.000000000000000000e+00
1.234139477131880312e+03,2.296301120427899150e+03,2.689302449518565936e+03,0.000000000000000000e+00
1.266676320015227702e+03,2.617476152632505091e+03,3.910367471101615592e+03,0.000000000000000000e+00
1.320829953202875686e+03,2.252493788995009709e+03,0.000000000000000000e+00,0.000000000000000000e+00
1.433154733333558625e+03,1.488140560214232437e+03,2.469760402110239738e+03,0.000000000000000000e+00
7.982715782514887906e+02,2.087727731621272142e+03,0.000000000000000000e+00,0.000000000000000000e+00
1.350660306051629050e+03,2.181277699296625542e+03,2.366283464882019416e+03,0.000000000000000000e+00
1.710583204380792267e+03,2.229166494755608710e+03,0.000000000000000000e+00,0.000000000000000000e+00
1.450049863814871969e+03,1.757766862112984199e+03,2.070422973129120237e+03,0.000000000000000000e+00
9.421462246543790116e+02,1.865050089833473294e+03,0.000000000000000000e+00,0.000000000000000000e+00
1.582545589670623258e+03,1.616387854354468573e+03,0.000000000000000000e+00,0.000000000000000000e+00
1.815055264241677833e+03,1.976759250844739881e+03,0.000000000000000000e+00,0.000000000000000000e+00
1.695635419670580859e+03,2.315577195748659960e+03,3.777105557492101070e+03,0.000000000000000000e+00
2.151248329850518985e+03,2.665983232974558177e+03,0.000000000000000000e+00,0.000000000000000000e+00
2.051350281145217650e+03,2.553255297522474848e+03,0.000000000000000000e+00,0.000000000000000000e+00
1.777682537374077583e+03,2.556680786429632008e+03,0.000000000000000000e+00,0.000000000000000000e+00
1.865293840948802654e+03,2.475200653683330984e+03,0.000000000000000000e+00,0.000000000000000000e+00
1.798152397574378256e+03,2.057170189369284799e+03,2.429360966458555595e+03,0.000000000000000000e+00
1.629187904464914027e+03,2.133070200155420025e+03,0.000000000000000000e+00,0.000000000000000000e+00
1.603438976012618468e+03,1.866803292500575481e+03,0.000000000000000000e+00,0.000000000000000000e+00
1.570279412094758982e+03,1.712585987960807643e+03,2.965367157185417909e+03,0.000000000000000000e+00
1.559659278548809652e+03,1.861306803305536278e+03,0.000000000000000000e+00,0.000000000000000000e+00
1.535054776871339072e+03,2.082436588321662839e+03,0.000000000000000000e+00,0.000000000000000000e+00
1.449545774439744264e+03,2.331655379873750007e+03,3.700463062782722318e+03,0.000000000000000000e+00
1.280727338494266405e+03,2.426964388755073742e+03,3.212146925633346655e+03,0.000000000000000000e+00
8.342285617736121139e+02,2.368201388063333980e+03,3.482270142008128005e+03,0.000000000000000000e+00
1.236470409212270397e+03,2.363409874751208008e+03,0.000000000000000000e+00,0.000000000000000000e+00
1.213973908291432735e+03,2.428622245104654212e+03,2.469048693992484004e+03,0.000000000000000000e+00
1.471333512788989992e+03,2.331649664843957908e+03,0.000000000000000000e+00,0.000000000000000000e+00
1.687069851163598742e+03,2.548617414305110742e+03,0.000000000000000000e+00,0.000000000000000000e+00
1.131710960137728080e+03,2.045008827365200432e+03,0.000000000000000000e+00,0.000000000000000000e+00
1.392883049221373085e+03,2.214011507117885685e+03,0.000000000000000000e+00,0.000000000000000000e+00
1.627878418012006478e+03,2.287759140977513198e+03,0.000000000000000000e+00,0.000000000000000000e+00
1.575030618418805489e+03,2.683202675979985997e+03,3.303109056254662391e+03,0.000000000000000000e+00
1.297201539871550722e+03,2.208087921707775422e+03,0.000000000000000000e+00,0.000000000000000000e+00
9.058173357765483615e+02,2.294785247816426363e+03,0.000000000000000000e+00,0.000000000000000000e+00
2.599098800786907759e+03,3.250291284283900950e+03,0.000000000000000000e+00,0.000000000000000000e+00
6.667703964952762590e+02,2.714900172674877467e+03,0.000000000000000000e+00,0.000000000000000000e+00
2.285850277152610033e+03,2.553874276747072599e+03,0.000000000000000000e+00,0.000000000000000000e+00
1.609650358612373338e+03,0.000000000000000000e+00,0.000000000000000000e+00,0.000000000000000000e+00
1.170906272208886776e+03,3.411294452510152951e+03,0.000000000000000000e+00,0.000000000000000000e+00
1.012763415682468121e+03,2.316641707676096757e+03,0.000000000000000000e+00,0.000000000000000000e+00
1.208941676843031928e+03,2.492986024274910960e+03,0.000000000000000000e+00,0.000000000000000000e+00
1.367582965028937906e+03,1.885920240357607554e+03,2.474725861687483757e+03,0.000000000000000000e+00
1.491576925865433395e+03,1.987699265637061217e+03,3.799037372961304754e+03,0.000000000000000000e+00
1.561497371360988154e+03,1.961315438527803508e+03,0.000000000000000000e+00,0.000000000000000000e+00
1.564292788642394271e+03,2.011286504589473680e+03,0.000000000000000000e+00,0.000000000000000000e+00
1.730651204431420183e+03,2.366846945893861175e+03,0.000000000000000000e+00,0.000000000000000000e+00
1.324845494911041669e+03,2.084414891546451599e+03,0.000000000000000000e+00,0.000000000000000000e+00
1.517182965534987261e+03,2.122755825820481277e+03,0.000000000000000000e+00,0.000000000000000000e+00
1.531405968737337389e+03,2.261160875768121969e+03,0.000000000000000000e+00,0.000000000000000000e+00
1.562433867722595323e+03,2.237568101016938726e+03,0.000000000000000000e+00,0.000000000000000000e+00
1.558951546111050675e+03,2.175136517302036737e+03,0.000000000000000000e+00,0.000000000000000000e+00
1.947964606359229037e+03,2.511094447805764503e+03,0.000000000000000000e+00,0.000000000000000000e+00
9.096475322227095148e+02,2.097262533773844552e+03,2.658539649793728586e+03,0.000000000000000000e+00
1.684498309396851255e+03,2.079996557763499823e+03,2.560410469506009122e+03,0.000000000000000000e+00
1.810759949975265727e+03,2.454719625000500400e+03,0.000000000000000000e+00,0.000000000000000000e+00
6.717495262386364629e+02,1.851004334068806884e+03,2.704108246392320780e+03,0.000000000000000000e+00
1.585026115714829302e+03,2.124274235997940650e+03,2.422379048923843584e+03,0.000000000000000000e+00
1.283323547277895841e+03,1.943585857755054121e+03,3.664207893082435930e+03,0.000000000000000000e+00
1.429236953423944442e+03,1.934670498280420361e+03,0.000000000000000000e+00,0.000000000000000000e+00
1.590042125178188599e+03,2.218654271525704189e+03,2.234756007244197463e+03,0.000000000000000000e+00
1.577311631668520704e+03,2.347156169513631539e+03,3.731453196787852903e+03,0.000000000000000000e+00
1.575867123017902941e+03,2.506592572851818204e+03,3.286912407697133403e+03,3.390148073482754626e+03
