time_s,envelope
0.000000000000000000e+00,2.160764738852464367e-02
1.000000000000000021e-02,5.197496178500885314e-03
2.000000000000000042e-02,3.792669560068058152e-03
2.999999999999999889e-02,3.031950033934990504e-03
4.000000000000000083e-02,2.536067980746406752e-03
5.000000000000000278e-02,2.177085101027923051e-03
5.999999999999999778e-02,1.905859989663295090e-03
7.000000000000000666e-02,1.690211846845940001e-03
8.000000000000000167e-02,1.516613566608833626e-03
8.999999999999999667e-02,1.371708162871271936e-03
1.000000000000000056e-01,1.250772366502905537e-03
1.100000000000000006e-01,1.146626837738121477e-03
1.199999999999999956e-01,1.057559562163701240e-03
1.300000000000000044e-01,9.790631894623996138e-04
1.400000000000000133e-01,9.106836196428119094e-04
1.499999999999999944e-01,8.493029595674328035e-04
1.600000000000000033e-01,7.950821315294476135e-04
1.700000000000000122e-01,7.457369521031715753e-04
1.799999999999999933e-01,7.017294204285421354e-04
1.900000000000000022e-01,6.612629041843635837e-04
2.000000000000000111e-01,6.249077794890649414e-04
2.099999999999999922e-01,5.911705151601384179e-04
2.200000000000000011e-01,5.606560310494131290e-04
2.300000000000000100e-01,5.321030794557174209e-04
2.399999999999999911e-01,5.061530256414492135e-04
2.500000000000000000e-01,4.817298649053212674e-04
2.600000000000000089e-01,4.594876288832177051e-04
2.700000000000000178e-01,4.384822407803503231e-04
2.800000000000000266e-01,4.193397165474810903e-04
2.899999999999999800e-01,4.012001733045067529e-04
2.999999999999999889e-01,3.846915019729896441e-04
3.099999999999999978e-01,3.690800545866001429e-04
3.200000000000000067e-01,3.550077046921533289e-04
3.300000000000000155e-01,3.417859348874773776e-04
3.400000000000000244e-01,3.299771422215380559e-04
3.499999999999999778e-01,3.188860156474212885e-04
3.599999999999999867e-01,3.089917058684709295e-04
3.699999999999999956e-01,2.996081755601171523e-04
3.800000000000000044e-01,2.911661132973076627e-04
3.900000000000000133e-01,2.829985494130742431e-04
4.000000000000000222e-01,2.755152058184698457e-04
4.099999999999999756e-01,2.681035934092078441e-04
4.199999999999999845e-01,2.611842176692719553e-04
4.299999999999999933e-01,2.542076752084460132e-04
4.400000000000000022e-01,2.476221281211137839e-04
4.500000000000000111e-01,2.409604042817868098e-04
4.600000000000000200e-01,2.346807995560947499e-04
4.699999999999999734e-01,2.282808887661153668e-04
4.799999999999999822e-01,2.221255262351656237e-04
4.899999999999999911e-01,2.157461634451771830e-04
5.000000000000000000e-01,2.095368674094739135e-04
5.100000000000000089e-01,2.030801614642349271e-04
5.200000000000000178e-01,1.967810421361387743e-04
5.300000000000000266e-01,1.902924637183529962e-04
5.400000000000000355e-01,1.840838532983323894e-04
5.500000000000000444e-01,1.778657753817388559e-04
5.600000000000000533e-01,1.720779572061208434e-04
5.699999999999999512e-01,1.663878791364046433e-04
5.799999999999999600e-01,1.611744175830353014e-04
5.899999999999999689e-01,1.560975560881890393e-04
5.999999999999999778e-01,1.514996104117340787e-04
6.099999999999999867e-01,1.470458109670171715e-04
6.199999999999999956e-01,1.430850633463720285e-04
6.300000000000000044e-01,1.392969134651809537e-04
6.400000000000000133e-01,1.360099018442079870e-04
6.500000000000000222e-01,1.329178017198724845e-04
6.600000000000000311e-01,1.303354113592406209e-04
6.700000000000000400e-01,1.279618745060701014e-04
6.800000000000000488e-01,1.261117445701813477e-04
6.899999999999999467e-01,1.244780760264848002e-04
6.999999999999999556e-01,1.233546973710416899e-04
7.099999999999999645e-01,1.224327513467904035e-04
7.199999999999999734e-01,1.219616189515425732e-04
7.299999999999999822e-01,1.216190943632170039e-04
7.399999999999999911e-01,1.216293304663820395e-04
7.500000000000000000e-01,1.216753530295407572e-04
7.600000000000000089e-01,1.219825306888727007e-04
7.700000000000000178e-01,1.222374005380832528e-04
7.800000000000000266e-01,1.226609764395862991e-04
7.900000000000000355e-01,1.229793063703812971e-04
8.000000000000000444e-01,1.234415033367156902e-04
8.100000000000000533e-01,1.237955588689587097e-04
8.199999999999999512e-01,1.242609866213148723e-04
8.299999999999999600e-01,1.245565419490983147e-04
8.399999999999999689e-01,1.248882883412983215e-04
8.499999999999999778e-01,1.249637359210104535e-04
8.599999999999999867e-01,1.249613011818557801e-04
8.699999999999999956e-01,1.245976724617407782e-04
8.800000000000000044e-01,1.240461328446543015e-04
8.900000000000000133e-01,1.230201247904314313e-04
9.000000000000000222e-01,1.216918743398683804e-04
9.100000000000000311e-01,1.197963795181895017e-04
9.200000000000000400e-01,1.175430417850112380e-04
9.300000000000000488e-01,1.147206028893792341e-04
9.399999999999999467e-01,1.115774794652811097e-04
9.499999999999999556e-01,1.079497246391455018e-04
9.599999999999999645e-01,1.040958848468789534e-04
9.699999999999999734e-01,9.985838561711741221e-05
9.799999999999999822e-01,9.549870113900113262e-05
9.899999999999999911e-01,9.090587406887810570e-05
1.000000000000000000e+00,8.639837996399624251e-05
1.010000000000000009e+00,8.190501734056397144e-05
1.020000000000000018e+00,7.774464153697676033e-05
1.030000000000000027e+00,7.383976064440684499e-05
1.040000000000000036e+00,7.046448189261021538e-05
1.050000000000000044e+00,6.749132898804423980e-05
1.060000000000000053e+00,6.514892811835492324e-05
1.070000000000000062e+00,6.325706722281780126e-05
1.080000000000000071e+00,6.198303132893428526e-05
1.090000000000000080e+00,6.109931736918256212e-05
1.100000000000000089e+00,6.072179659992923951e-05
1.110000000000000098e+00,6.058691016048530127e-05
1.120000000000000107e+00,6.080420455368364580e-05
1.129999999999999893e+00,6.115123827214640948e-05
1.139999999999999902e+00,6.178146322834149199e-05
1.149999999999999911e+00,6.249330715882196339e-05
1.159999999999999920e+00,6.343073595529931429e-05
1.169999999999999929e+00,6.440122991541639920e-05
1.179999999999999938e+00,6.555062868514605079e-05
1.189999999999999947e+00,6.666511359023830270e-05
1.199999999999999956e+00,6.784223084595298139e-05
1.209999999999999964e+00,6.884969943765723781e-05
1.219999999999999973e+00,6.979950225473960260e-05
1.229999999999999982e+00,7.049449939426336205e-05
1.239999999999999991e+00,7.108324388237342677e-05
1.250000000000000000e+00,7.138586079631841581e-05
1.260000000000000009e+00,7.153769242544716930e-05
1.270000000000000018e+00,7.136000430889394785e-05
1.280000000000000027e+00,7.101980871056970781e-05
1.290000000000000036e+00,7.038198020674913129e-05
1.300000000000000044e+00,6.962127474361493311e-05
1.310000000000000053e+00,6.860773127599380900e-05
1.320000000000000062e+00,6.751368147058917611e-05
1.330000000000000071e+00,6.619903296527530619e-05
1.340000000000000080e+00,6.483712413872000401e-05
1.350000000000000089e+00,6.331648013762044614e-05
1.360000000000000098e+00,6.183547439436575682e-05
1.370000000000000107e+00,6.029392411227942929e-05
1.379999999999999893e+00,5.887266156644142801e-05
1.389999999999999902e+00,5.745261122601656896e-05
1.399999999999999911e+00,5.618533904074777245e-05
1.409999999999999920e+00,5.493235583016858192e-05
1.419999999999999929e+00,5.383537314139088907e-05
1.429999999999999938e+00,5.275995972726209976e-05
1.439999999999999947e+00,5.184468610158405509e-05
1.449999999999999956e+00,5.095919898824696607e-05
1.459999999999999964e+00,5.025158713960926080e-05
1.469999999999999973e+00,4.959885408520365191e-05
1.479999999999999982e+00,4.914082094184809782e-05
1.489999999999999991e+00,4.874015615775924027e-05
1.500000000000000000e+00,4.850836244774536386e-05
1.510000000000000009e+00,4.827456347876016475e-05
1.520000000000000018e+00,4.813463424047889931e-05
1.530000000000000027e+00,4.792972949127562865e-05
1.540000000000000036e+00,4.776189873921770338e-05
1.550000000000000044e+00,4.748642206892761110e-05
1.560000000000000053e+00,4.723023191647901563e-05
1.570000000000000062e+00,4.687616084916319527e-05
1.580000000000000071e+00,4.655175713047557905e-05
1.590000000000000080e+00,4.614121752342223215e-05
1.600000000000000089e+00,4.577567947802182953e-05
1.610000000000000098e+00,4.533347302934818225e-05
1.620000000000000107e+00,4.494695649989253469e-05
1.629999999999999893e+00,4.451830694036822605e-05
1.639999999999999902e+00,4.418624908970728883e-05
1.649999999999999911e+00,4.385067836113814503e-05
1.659999999999999920e+00,4.365232045824772827e-05
1.669999999999999929e+00,4.348013037967201477e-05
1.679999999999999938e+00,4.344490245064551611e-05
1.689999999999999947e+00,4.342211887561934846e-05
1.699999999999999956e+00,4.349750176677417426e-05
1.709999999999999964e+00,4.352668113099488454e-05
1.719999999999999973e+00,4.359341736532141540e-05
1.729999999999999982e+00,4.355765439862839479e-05
1.739999999999999991e+00,4.350393312808613247e-05
1.750000000000000000e+00,4.327543132111731948e-05
1.760000000000000009e+00,4.293604609406690114e-05
1.770000000000000018e+00,4.234129086219287185e-05
1.780000000000000027e+00,4.157242567165610740e-05
1.790000000000000036e+00,4.050689361677864582e-05
1.800000000000000044e+00,3.925369379396757396e-05
1.810000000000000053e+00,3.772035173260554340e-05
1.820000000000000062e+00,3.603123111425619260e-05
1.830000000000000071e+00,3.411442504298634770e-05
1.840000000000000080e+00,3.211548393760250205e-05
1.850000000000000089e+00,2.998365729097621186e-05
1.860000000000000098e+00,2.788111478335580351e-05
1.870000000000000107e+00,2.578875764889317930e-05
1.879999999999999893e+00,2.393791764265539620e-05
1.889999999999999902e+00,2.240075508909190554e-05
1.899999999999999911e+00,2.143293755180110827e-05
1.909999999999999920e+00,2.102869110679330360e-05
1.919999999999999929e+00,2.130207426957694578e-05
1.929999999999999938e+00,2.208331269309812470e-05
1.939999999999999947e+00,2.333350327765328116e-05
1.949999999999999956e+00,2.480569412772414787e-05
1.959999999999999964e+00,2.646665839390028883e-05
1.969999999999999973e+00,2.811928713872132479e-05
1.979999999999999982e+00,2.978667692785154047e-05
1.989999999999999991e+00,3.131937776505192911e-05
2.000000000000000000e+00,3.275865663272592893e-05
2.009999999999999787e+00,3.399600384949725678e-05
2.020000000000000018e+00,3.511515938480456073e-05
2.029999999999999805e+00,3.601729255198190481e-05
2.040000000000000036e+00,3.679728940642052723e-05
2.049999999999999822e+00,3.737030432160842313e-05
2.060000000000000053e+00,3.782029326398273953e-05
2.069999999999999840e+00,3.803079133757763283e-05
2.080000000000000071e+00,3.807664814917875685e-05
2.089999999999999858e+00,3.784565201897409831e-05
2.100000000000000089e+00,3.743539288361636346e-05
2.109999999999999876e+00,3.680211642943974961e-05
2.120000000000000107e+00,3.610248517467425447e-05
2.129999999999999893e+00,3.530583140007685763e-05
2.140000000000000124e+00,3.455198439107591823e-05
2.149999999999999911e+00,3.377263107214803771e-05
2.160000000000000142e+00,3.306498666648957988e-05
2.169999999999999929e+00,3.232376499645043188e-05
2.180000000000000160e+00,3.160820075178611847e-05
2.189999999999999947e+00,3.081290903095270723e-05
2.200000000000000178e+00,3.002644794561458504e-05
2.209999999999999964e+00,2.917030075566477129e-05
2.220000000000000195e+00,2.832964192336289382e-05
2.229999999999999982e+00,2.740321080327302918e-05
2.240000000000000213e+00,2.647157601601127081e-05
2.250000000000000000e+00,2.545732604676580250e-05
2.259999999999999787e+00,2.446137681941814204e-05
2.270000000000000018e+00,2.343451204119760919e-05
2.279999999999999805e+00,2.250305187469408281e-05
2.290000000000000036e+00,2.163270820076669578e-05
2.299999999999999822e+00,2.096474822169827417e-05
2.310000000000000053e+00,2.047791288610360442e-05
2.319999999999999840e+00,2.028944946892864072e-05
2.330000000000000071e+00,2.033420170798873691e-05
2.339999999999999858e+00,2.072851865490254320e-05
2.350000000000000089e+00,2.140755926389298529e-05
2.359999999999999876e+00,2.241358380991880463e-05
2.370000000000000107e+00,2.358935737329091696e-05
2.379999999999999893e+00,2.489502377315487683e-05
2.390000000000000124e+00,2.615538874192121783e-05
2.399999999999999911e+00,2.737139473547442936e-05
2.410000000000000142e+00,2.842090455297244090e-05
2.419999999999999929e+00,2.934672537754512563e-05
2.430000000000000160e+00,3.005147426284629454e-05
2.439999999999999947e+00,3.058948640774710283e-05
2.450000000000000178e+00,3.086275997040486798e-05
2.459999999999999964e+00,3.094365812247335272e-05
2.470000000000000195e+00,3.076520169994718457e-05
2.479999999999999982e+00,3.041785802463419555e-05
2.490000000000000213e+00,2.983842833804417673e-05
2.500000000000000000e+00,2.907484960667602761e-05
2.509999999999999787e+00,2.804978920203797836e-05
2.520000000000000018e+00,2.687941446172304377e-05
2.529999999999999805e+00,2.555470772383311667e-05
2.540000000000000036e+00,2.422244560161713813e-05
2.549999999999999822e+00,2.289511446295646084e-05
2.560000000000000053e+00,2.176268408557168011e-05
2.569999999999999840e+00,2.091036510156941459e-05
2.580000000000000071e+00,2.055339313545823021e-05
2.589999999999999858e+00,2.069352480095024849e-05
2.600000000000000089e+00,2.139164599871901120e-05
2.609999999999999876e+00,2.249836665521106227e-05
2.620000000000000107e+00,2.396479276636932150e-05
2.629999999999999893e+00,2.561133044698381820e-05
2.640000000000000124e+00,2.739709930321960720e-05
2.649999999999999911e+00,2.918099739987714178e-05
2.660000000000000142e+00,3.096490600740767787e-05
2.669999999999999929e+00,3.263220608520176223e-05
2.680000000000000160e+00,3.420011087138575986e-05
2.689999999999999947e+00,3.557337654934523893e-05
2.700000000000000178e+00,3.679226791382745807e-05
2.709999999999999964e+00,3.776850984649554951e-05
2.720000000000000195e+00,3.855606049226624731e-05
2.729999999999999982e+00,3.908198717264857821e-05
2.740000000000000213e+00,3.940547175985073411e-05
2.750000000000000000e+00,3.944356786851456269e-05
2.759999999999999787e+00,3.924943882467128552e-05
2.770000000000000018e+00,3.874097167887701338e-05
2.779999999999999805e+00,3.797169634638875366e-05
2.790000000000000036e+00,3.688609927632159835e-05
2.799999999999999822e+00,3.557553400969871510e-05
2.810000000000000053e+00,3.403168402941198346e-05
2.819999999999999840e+00,3.236144986002315862e-05
2.830000000000000071e+00,3.054594969285709009e-05
2.839999999999999858e+00,2.868550895937042788e-05
2.850000000000000089e+00,2.677661049796944430e-05
2.859999999999999876e+00,2.491497217629555031e-05
2.870000000000000107e+00,2.308743961929577465e-05
2.879999999999999893e+00,2.138887242082735871e-05
2.890000000000000124e+00,1.981051831967984173e-05
2.899999999999999911e+00,1.843738156363823255e-05
2.910000000000000142e+00,1.723003001475454968e-05
2.919999999999999929e+00,1.624898078138948464e-05
2.930000000000000160e+00,1.542475066692270230e-05
2.939999999999999947e+00,1.478964450069914935e-05
2.950000000000000178e+00,1.427289547543612198e-05
2.959999999999999964e+00,1.392448298059275104e-05
2.970000000000000195e+00,1.368537630904155354e-05
2.979999999999999982e+00,1.362415541294348075e-05
2.990000000000000213e+00,1.368839526836364509e-05
3.000000000000000000e+00,1.393153001915361291e-05
3.009999999999999787e+00,1.426210319037440903e-05
3.020000000000000018e+00,1.471312420602579441e-05
3.029999999999999805e+00,1.522947925372094496e-05
3.040000000000000036e+00,1.586946144094966300e-05
3.049999999999999822e+00,1.656413190287098645e-05
3.060000000000000053e+00,1.734613670169148368e-05
3.069999999999999840e+00,1.813306838040380109e-05
3.080000000000000071e+00,1.892775048493649468e-05
3.089999999999999858e+00,1.957789022996947941e-05
3.100000000000000089e+00,2.005982188107377980e-05
3.109999999999999876e+00,2.026738992279061694e-05
3.120000000000000107e+00,2.022299508113903328e-05
3.129999999999999893e+00,1.986169262735295140e-05
3.140000000000000124e+00,1.926014475909716049e-05
3.149999999999999911e+00,1.838216358133694703e-05
3.160000000000000142e+00,1.729271918009626038e-05
3.169999999999999929e+00,1.595894477518245355e-05
3.180000000000000160e+00,1.445751655487824334e-05
3.189999999999999947e+00,1.277602413907256420e-05
3.200000000000000178e+00,1.102785889981017261e-05
3.209999999999999964e+00,9.249684047924163743e-06
3.220000000000000195e+00,7.613089170398089710e-06
3.229999999999999982e+00,6.267209493737131616e-06
3.240000000000000213e+00,5.565883240062743669e-06
3.250000000000000000e+00,5.737202397323846115e-06
3.259999999999999787e+00,6.784023450400117099e-06
3.270000000000000018e+00,8.333789024138878399e-06
3.279999999999999805e+00,1.014605325113656720e-05
3.290000000000000036e+00,1.202339093875380331e-05
3.299999999999999822e+00,1.390758741454139035e-05
3.310000000000000053e+00,1.570781927182719195e-05
3.319999999999999840e+00,1.741536893626367894e-05
3.330000000000000071e+00,1.896674447169905469e-05
3.339999999999999858e+00,2.038338608720011787e-05
3.350000000000000089e+00,2.162197385636276120e-05
3.359999999999999876e+00,2.271449798796346394e-05
3.370000000000000107e+00,2.361137402368462126e-05
3.379999999999999893e+00,2.435240061043849908e-05
3.390000000000000124e+00,2.487073607115902179e-05
3.399999999999999911e+00,2.518277194663814296e-05
3.410000000000000142e+00,2.523247959065836324e-05
3.419999999999999929e+00,2.508013332876381492e-05
3.430000000000000160e+00,2.469300556572039592e-05
3.439999999999999947e+00,2.414986485045601965e-05
3.450000000000000178e+00,2.343714547090842379e-05
3.459999999999999964e+00,2.263664805411499771e-05
3.470000000000000195e+00,2.173929751523308478e-05
3.479999999999999982e+00,2.084444781034963938e-05
3.490000000000000213e+00,1.996449618043323463e-05
3.500000000000000000e+00,1.921011606117444201e-05
3.509999999999999787e+00,1.857673310838527355e-05
3.520000000000000018e+00,1.813255602861433096e-05
3.529999999999999805e+00,1.781868400130931531e-05
3.540000000000000036e+00,1.766389269072160255e-05
3.549999999999999822e+00,1.759020732646460970e-05
3.560000000000000053e+00,1.762067061481276966e-05
3.569999999999999840e+00,1.768181919114182688e-05
3.580000000000000071e+00,1.781950091611480744e-05
3.589999999999999858e+00,1.800637323607837595e-05
3.600000000000000089e+00,1.829148612561615260e-05
3.609999999999999876e+00,1.860689557557427927e-05
3.620000000000000107e+00,1.897050895210394467e-05
3.629999999999999893e+00,1.931672196510195229e-05
3.640000000000000124e+00,1.967660521239035816e-05
3.649999999999999911e+00,1.999712766685151854e-05
3.660000000000000142e+00,2.031684731425535283e-05
3.669999999999999929e+00,2.057700230258916962e-05
3.680000000000000160e+00,2.078967974274914535e-05
3.689999999999999947e+00,2.086627341281550312e-05
3.700000000000000178e+00,2.079882861369152972e-05
3.709999999999999964e+00,2.049595576339079695e-05
3.720000000000000195e+00,2.000366983099879800e-05
3.729999999999999982e+00,1.936622667763933313e-05
3.740000000000000213e+00,1.875125872428841993e-05
3.750000000000000000e+00,1.821344494953925280e-05
3.759999999999999787e+00,1.782620210806107967e-05
3.770000000000000018e+00,1.753252617078434586e-05
3.779999999999999805e+00,1.732811882594279950e-05
3.790000000000000036e+00,1.710309250115241045e-05
3.799999999999999822e+00,1.683204947988756133e-05
3.810000000000000053e+00,1.642917265667384106e-05
3.819999999999999840e+00,1.589649771831295978e-05
3.830000000000000071e+00,1.517652865336322038e-05
3.839999999999999858e+00,1.429482543904631023e-05
3.850000000000000089e+00,1.322448753084473627e-05
3.859999999999999876e+00,1.201548858468758966e-05
3.870000000000000107e+00,1.065348109653747690e-05
3.879999999999999893e+00,9.177160946906010567e-06
3.890000000000000124e+00,7.576577071297494868e-06
3.899999999999999911e+00,5.886452219408121532e-06
3.910000000000000142e+00,4.091167728600765460e-06
3.919999999999999929e+00,2.206609242339618324e-06
3.930000000000000160e+00,2.243997889538769648e-07
3.939999999999999947e+00,1.968232883927031840e-06
3.950000000000000178e+00,4.243356476068668097e-06
3.959999999999999964e+00,6.617994365524448696e-06
3.970000000000000195e+00,9.052722469700095426e-06
3.979999999999999982e+00,1.148941615072208541e-05
3.990000000000000213e+00,1.385904825505870195e-05
4.000000000000000000e+00,1.612259858907425544e-05
4.009999999999999787e+00,1.823137040736057807e-05
4.019999999999999574e+00,2.017506099711750215e-05
4.030000000000000249e+00,2.191131115195694317e-05
4.040000000000000036e+00,2.346170722236431768e-05
4.049999999999999822e+00,2.480606620938236687e-05
4.059999999999999609e+00,2.597111977611753090e-05
4.070000000000000284e+00,2.692049621353586749e-05
4.080000000000000071e+00,2.768964691134478010e-05
4.089999999999999858e+00,2.825033161344113282e-05
4.099999999999999645e+00,2.864666859445958472e-05
4.110000000000000320e+00,2.884912452519474259e-05
4.120000000000000107e+00,2.889837613464745947e-05
4.129999999999999893e+00,2.874715467758278201e-05
4.139999999999999680e+00,2.842293507301174398e-05
4.150000000000000355e+00,2.787275048899955240e-05
4.160000000000000142e+00,2.711675755823557312e-05
4.169999999999999929e+00,2.612510227231977161e-05
4.179999999999999716e+00,2.495347909831029297e-05
4.190000000000000391e+00,2.359391428973157644e-05
4.200000000000000178e+00,2.210565315593721270e-05
4.209999999999999964e+00,2.048276293162083121e-05
4.219999999999999751e+00,1.878572848899902071e-05
4.230000000000000426e+00,1.701312062514263057e-05
4.240000000000000213e+00,1.521005468914204121e-05
4.250000000000000000e+00,1.336269765176704851e-05
4.259999999999999787e+00,1.149885699862882646e-05
4.269999999999999574e+00,9.600994016297751096e-06
4.280000000000000249e+00,7.689642748600405425e-06
4.290000000000000036e+00,5.766083006611547755e-06
4.299999999999999822e+00,3.918004581355867346e-06
4.309999999999999609e+00,2.396575617329085025e-06
4.320000000000000284e+00,2.169274130834281814e-06
4.330000000000000071e+00,3.450478015856910851e-06
4.339999999999999858e+00,5.215879247873922119e-06
4.349999999999999645e+00,7.061688180831849440e-06
4.360000000000000320e+00,8.916901805764452108e-06
4.370000000000000107e+00,1.072118725249627223e-05
4.379999999999999893e+00,1.246790738916636246e-05
4.389999999999999680e+00,1.412637300344172385e-05
4.400000000000000355e+00,1.571487315038763732e-05
4.410000000000000142e+00,1.719266387653400809e-05
4.419999999999999929e+00,1.857475773593340163e-05
4.429999999999999716e+00,1.981797704883272952e-05
4.440000000000000391e+00,2.093449015392651028e-05
4.450000000000000178e+00,2.186109487926307611e-05
4.459999999999999964e+00,2.261436543131449859e-05
4.469999999999999751e+00,2.314662894907252243e-05
4.480000000000000426e+00,2.347704988756998888e-05
4.490000000000000213e+00,2.356864804816502550e-05
4.500000000000000000e+00,2.344737951022255173e-05
4.509999999999999787e+00,2.307787304667110632e-05
4.519999999999999574e+00,2.251102777161949890e-05
4.530000000000000249e+00,2.174814852811035912e-05
4.540000000000000036e+00,2.083837911999878101e-05
4.549999999999999822e+00,1.976870237457809286e-05
4.559999999999999609e+00,1.857525266752962025e-05
4.570000000000000284e+00,1.724804802108482812e-05
4.580000000000000071e+00,1.581709737589806673e-05
4.589999999999999858e+00,1.429035906292313923e-05
4.599999999999999645e+00,1.270326489285260061e-05
4.610000000000000320e+00,1.107826924202083225e-05
4.620000000000000107e+00,9.446202741604948355e-06
4.629999999999999893e+00,7.873377909051161732e-06
4.639999999999999680e+00,6.453333608998326216e-06
4.650000000000000355e+00,5.384777074483605144e-06
4.660000000000000142e+00,4.886407872858951649e-06
4.669999999999999929e+00,5.138665557996345294e-06
4.679999999999999716e+00,5.981399274967376568e-06
4.690000000000000391e+00,7.179956033594538290e-06
4.700000000000000178e+00,8.520981825399879869e-06
4.709999999999999964e+00,9.892569649716963698e-06
4.719999999999999751e+00,1.122682055639273302e-05
4.730000000000000426e+00,1.246228056408151115e-05
4.740000000000000213e+00,1.356518711285485783e-05
4.750000000000000000e+00,1.449860995793261630e-05
4.759999999999999787e+00,1.527382877981195105e-05
4.769999999999999574e+00,1.586737527206890866e-05
4.780000000000000249e+00,1.629359746121359815e-05
4.790000000000000036e+00,1.651271117236881484e-05
4.799999999999999822e+00,1.654466799248380924e-05
4.809999999999999609e+00,1.637298068758806418e-05
4.820000000000000284e+00,1.603409724407769166e-05
4.830000000000000071e+00,1.551280477074855275e-05
4.839999999999999858e+00,1.485671698348699384e-05
4.849999999999999645e+00,1.406426498594906961e-05
4.860000000000000320e+00,1.319206544210478737e-05
4.870000000000000107e+00,1.225437393690210813e-05
4.879999999999999893e+00,1.130849240472763963e-05
4.889999999999999680e+00,1.033612974470198568e-05
4.900000000000000355e+00,9.357159988836689910e-06
4.910000000000000142e+00,8.339537834220321920e-06
4.919999999999999929e+00,7.310120491776326457e-06
4.929999999999999716e+00,6.250410348046707265e-06
4.940000000000000391e+00,5.205468995662310989e-06
4.950000000000000178e+00,4.210420557849107636e-06
4.959999999999999964e+00,3.415479161626918581e-06
4.969999999999999751e+00,3.006595819768873740e-06
4.980000000000000426e+00,3.170846869573074400e-06
4.990000000000000213e+00,3.785888413200863105e-06
5.000000000000000000e+00,4.642391657298892017e-06
5.009999999999999787e+00,5.552146951746163520e-06
5.019999999999999574e+00,6.443098431642019749e-06
5.030000000000000249e+00,7.265883071540086279e-06
5.040000000000000036e+00,8.029153580538850906e-06
5.049999999999999822e+00,8.720597593367776669e-06
5.059999999999999609e+00,9.373370730805988515e-06
5.070000000000000284e+00,9.991896639584015011e-06
5.080000000000000071e+00,1.062345195046270233e-05
5.089999999999999858e+00,1.126854371909861715e-05
5.099999999999999645e+00,1.194744408056716392e-05
5.110000000000000320e+00,1.262435946143383419e-05
5.120000000000000107e+00,1.329423632397682493e-05
5.129999999999999893e+00,1.390148496534659424e-05
5.139999999999999680e+00,1.443126225731815658e-05
5.150000000000000355e+00,1.483636100324145865e-05
5.160000000000000142e+00,1.512907311211617946e-05
5.169999999999999929e+00,1.527658226753333994e-05
5.179999999999999716e+00,1.530529252734208476e-05
5.190000000000000391e+00,1.518535063867927659e-05
5.200000000000000178e+00,1.492722855578962648e-05
5.209999999999999964e+00,1.448510348980242891e-05
5.219999999999999751e+00,1.386417672331442849e-05
5.230000000000000426e+00,1.303433297349082335e-05
5.240000000000000213e+00,1.201855227753665128e-05
5.250000000000000000e+00,1.080308012385875160e-05
5.259999999999999787e+00,9.432039103295668432e-06
5.269999999999999574e+00,7.921947437484683623e-06
5.280000000000000249e+00,6.325302759180093370e-06
5.290000000000000036e+00,4.681014200356985848e-06
5.299999999999999822e+00,3.096834922795940328e-06
5.309999999999999609e+00,1.940682555270711559e-06
5.320000000000000284e+00,2.283869255057853012e-06
5.330000000000000071e+00,3.743466582806677265e-06
5.339999999999999858e+00,5.472798254990459504e-06
5.349999999999999645e+00,7.224831903132664051e-06
5.360000000000000320e+00,8.931332931368341239e-06
5.370000000000000107e+00,1.053020368026775665e-05
5.379999999999999893e+00,1.200636102420365214e-05
5.389999999999999680e+00,1.332495741177645233e-05
5.400000000000000355e+00,1.448601936583771954e-05
5.410000000000000142e+00,1.546271040923570571e-05
5.419999999999999929e+00,1.626590164596077202e-05
5.429999999999999716e+00,1.686579587723441523e-05
5.440000000000000391e+00,1.728394693736391005e-05
5.450000000000000178e+00,1.750782032238983011e-05
5.459999999999999964e+00,1.757310279736340786e-05
5.469999999999999751e+00,1.746565380152711447e-05
5.480000000000000426e+00,1.722566133597087183e-05
5.490000000000000213e+00,1.683657390596614566e-05
5.500000000000000000e+00,1.632148833208723249e-05
5.509999999999999787e+00,1.567333505790432789e-05
5.519999999999999574e+00,1.491223179468119243e-05
5.530000000000000249e+00,1.401294506721678646e-05
5.540000000000000036e+00,1.299921228997069975e-05
5.549999999999999822e+00,1.187245213859011183e-05
5.559999999999999609e+00,1.067593965667630625e-05
5.570000000000000284e+00,9.430093530722898328e-06
5.580000000000000071e+00,8.172869469983646895e-06
5.589999999999999858e+00,6.924158938871095926e-06
5.599999999999999645e+00,5.708401679337452108e-06
5.610000000000000320e+00,4.534674820729920162e-06
5.620000000000000107e+00,3.425718705976123376e-06
5.629999999999999893e+00,2.418417200526799152e-06
5.639999999999999680e+00,1.624664455906531511e-06
5.650000000000000355e+00,1.240558797071824969e-06
5.660000000000000142e+00,1.393658257618486071e-06
5.669999999999999929e+00,1.794651141401879073e-06
5.679999999999999716e+00,2.240846476562256903e-06
5.690000000000000391e+00,2.658662826438714885e-06
5.700000000000000178e+00,3.065277548899139008e-06
5.709999999999999964e+00,3.471033168872004250e-06
5.719999999999999751e+00,3.915885975311911106e-06
5.730000000000000426e+00,4.397581852198053948e-06
5.740000000000000213e+00,4.923568972684166576e-06
5.750000000000000000e+00,5.442179531901459616e-06
5.759999999999999787e+00,5.908704507054671960e-06
5.769999999999999574e+00,6.296737526107079537e-06
5.780000000000000249e+00,6.638879702280397907e-06
5.790000000000000036e+00,6.922193193750979156e-06
5.799999999999999822e+00,7.153862095633222832e-06
5.809999999999999609e+00,7.326502539787390040e-06
5.820000000000000284e+00,7.470770150265609245e-06
5.830000000000000071e+00,7.553519742020684135e-06
5.839999999999999858e+00,7.573420584660813082e-06
5.849999999999999645e+00,7.502303942101173266e-06
5.860000000000000320e+00,7.355300355675432784e-06
5.870000000000000107e+00,7.112305941226322040e-06
5.879999999999999893e+00,6.790336699310314178e-06
5.889999999999999680e+00,6.388372674645956095e-06
5.900000000000000355e+00,5.947083224157355337e-06
5.910000000000000142e+00,5.478260510048477209e-06
5.919999999999999929e+00,5.031745106733044729e-06
5.929999999999999716e+00,4.636003869645029685e-06
5.940000000000000391e+00,4.362963077014475990e-06
5.950000000000000178e+00,4.267407892614006816e-06
5.959999999999999964e+00,4.413684328712733005e-06
5.969999999999999751e+00,4.802850994352021919e-06
5.980000000000000426e+00,5.426034650305055875e-06
5.990000000000000213e+00,6.226244120884453754e-06
6.000000000000000000e+00,7.178071176011873269e-06
6.009999999999999787e+00,8.225549528856360840e-06
6.019999999999999574e+00,9.327778982445704572e-06
6.030000000000000249e+00,1.042153722630619333e-05
6.040000000000000036e+00,1.146217218624235882e-05
6.049999999999999822e+00,1.238183935399815094e-05
6.059999999999999609e+00,1.317125647703617761e-05
6.070000000000000284e+00,1.379984576382862404e-05
6.080000000000000071e+00,1.427036755836326283e-05
6.089999999999999858e+00,1.455924713346113835e-05
6.099999999999999645e+00,1.467933488188216111e-05
6.110000000000000320e+00,1.461906833054942668e-05
6.120000000000000107e+00,1.440316140434029610e-05
6.129999999999999893e+00,1.402401910618365576e-05
6.139999999999999680e+00,1.349588469653074597e-05
6.150000000000000355e+00,1.281616328046959506e-05
6.160000000000000142e+00,1.201697201190471642e-05
6.169999999999999929e+00,1.108629666815846063e-05
6.179999999999999716e+00,1.002208314464966325e-05
6.190000000000000391e+00,8.829283834258108639e-06
6.200000000000000178e+00,7.535264263481635795e-06
6.209999999999999964e+00,6.173345403989097625e-06
6.219999999999999751e+00,4.779684351753378039e-06
6.230000000000000426e+00,3.425474610829302087e-06
6.240000000000000213e+00,2.287655629751074714e-06
6.250000000000000000e+00,1.850327958300879950e-06
6.259999999999999787e+00,2.439887542511640984e-06
6.269999999999999574e+00,3.504993244454700371e-06
6.280000000000000249e+00,4.650836146136392683e-06
6.290000000000000036e+00,5.746909068881774270e-06
6.299999999999999822e+00,6.745309356032825155e-06
6.309999999999999609e+00,7.619884275066955744e-06
6.320000000000000284e+00,8.373978248178032426e-06
6.330000000000000071e+00,8.996926390739803245e-06
6.339999999999999858e+00,9.495732779321599767e-06
6.349999999999999645e+00,9.864175293225887158e-06
6.360000000000000320e+00,1.013115865517649555e-05
6.370000000000000107e+00,1.029639305209466694e-05
6.379999999999999893e+00,1.037927444657826319e-05
6.389999999999999680e+00,1.036855640070557035e-05
6.400000000000000355e+00,1.028003595617193184e-05
6.410000000000000142e+00,1.009690287292788149e-05
6.419999999999999929e+00,9.821751103060818557e-06
6.429999999999999716e+00,9.439892812060588905e-06
6.440000000000000391e+00,8.950305154011318421e-06
6.450000000000000178e+00,8.339339846874934900e-06
6.459999999999999964e+00,7.633849321139867322e-06
6.469999999999999751e+00,6.853960242622971903e-06
6.480000000000000426e+00,6.032360195777094885e-06
6.490000000000000213e+00,5.183764798313861943e-06
6.500000000000000000e+00,4.333029544915199065e-06
6.509999999999999787e+00,3.496818232157448377e-06
6.519999999999999574e+00,2.685894486375646928e-06
6.530000000000000249e+00,1.919774209548779265e-06
6.540000000000000036e+00,1.222055157805803387e-06
6.549999999999999822e+00,6.779271589213077281e-07
6.559999999999999609e+00,5.662576514966239852e-07
6.570000000000000284e+00,8.925706134232130818e-07
6.580000000000000071e+00,1.265898627866466023e-06
6.589999999999999858e+00,1.582454541807674761e-06
6.599999999999999645e+00,1.843447663876085965e-06
6.610000000000000320e+00,2.039571541061461475e-06
6.620000000000000107e+00,2.193915494656130733e-06
6.629999999999999893e+00,2.318760266013041559e-06
6.639999999999999680e+00,2.442491621816743373e-06
6.650000000000000355e+00,2.611768889253620974e-06
6.660000000000000142e+00,2.866857324497816739e-06
6.669999999999999929e+00,3.208383393994492344e-06
6.679999999999999716e+00,3.647485266075862745e-06
6.690000000000000391e+00,4.182206175878332099e-06
6.700000000000000178e+00,4.819376852809838317e-06
6.709999999999999964e+00,5.550446906498361093e-06
6.719999999999999751e+00,6.334770199938311653e-06
6.730000000000000426e+00,7.114268401160711638e-06
6.740000000000000213e+00,7.856833998726366091e-06
6.750000000000000000e+00,8.533714149727507814e-06
6.759999999999999787e+00,9.129287395097149707e-06
6.769999999999999574e+00,9.632296374594535664e-06
6.780000000000000249e+00,1.006201559153380597e-05
6.790000000000000036e+00,1.041795709380010831e-05
6.799999999999999822e+00,1.071607760799722667e-05
6.809999999999999609e+00,1.095945304160326202e-05
6.820000000000000284e+00,1.115086885642847155e-05
6.830000000000000071e+00,1.128487534876163094e-05
6.839999999999999858e+00,1.139131159472408783e-05
6.849999999999999645e+00,1.148705911433789607e-05
6.860000000000000320e+00,1.161077865518544181e-05
6.870000000000000107e+00,1.176919702998118098e-05
6.879999999999999893e+00,1.196261133758131657e-05
6.889999999999999680e+00,1.218193920450733770e-05
6.900000000000000355e+00,1.242889331256420018e-05
6.910000000000000142e+00,1.270319984932941065e-05
6.919999999999999929e+00,1.301217681941210058e-05
6.929999999999999716e+00,1.336488406478050480e-05
6.940000000000000391e+00,1.375718744065213865e-05
6.950000000000000178e+00,1.418924114103954932e-05
6.959999999999999964e+00,1.466186112314526263e-05
6.969999999999999751e+00,1.518985285410762433e-05
6.980000000000000426e+00,1.577110763843174587e-05
6.990000000000000213e+00,1.641059911984081904e-05
7.000000000000000000e+00,1.709947210495984499e-05
7.009999999999999787e+00,1.783313758462379525e-05
7.019999999999999574e+00,1.858465883944091665e-05
7.030000000000000249e+00,1.935377737565753461e-05
7.040000000000000036e+00,2.012178300169785504e-05
7.049999999999999822e+00,2.089601365759293430e-05
7.059999999999999609e+00,2.167370592729690761e-05
7.070000000000000284e+00,2.245950654290534447e-05
7.080000000000000071e+00,2.322745186114535650e-05
7.089999999999999858e+00,2.396341904500693670e-05
7.099999999999999645e+00,2.464311899651804735e-05
7.110000000000000320e+00,2.523931334408068670e-05
7.120000000000000107e+00,2.572631303140866292e-05
7.129999999999999893e+00,2.609269113427215792e-05
7.139999999999999680e+00,2.634099261855529870e-05
7.150000000000000355e+00,2.648742851493292777e-05
7.160000000000000142e+00,2.654407172119175546e-05
7.169999999999999929e+00,2.651352380617138239e-05
7.179999999999999716e+00,2.640131564960859347e-05
7.190000000000000391e+00,2.619709763272133512e-05
7.200000000000000178e+00,2.590039237632724663e-05
7.209999999999999964e+00,2.551450293632599153e-05
7.219999999999999751e+00,2.504525287748374539e-05
7.230000000000000426e+00,2.447896337236066353e-05
7.240000000000000213e+00,2.381322622638913389e-05
7.250000000000000000e+00,2.304180495338116382e-05
7.259999999999999787e+00,2.216777878192952524e-05
7.269999999999999574e+00,2.119717466794952118e-05
7.280000000000000249e+00,2.014364472890479909e-05
7.290000000000000036e+00,1.902779253022688282e-05
7.299999999999999822e+00,1.790979657693627327e-05
7.309999999999999609e+00,1.683672412093508491e-05
7.320000000000000284e+00,1.585302249669275348e-05
7.330000000000000071e+00,1.497979533998217224e-05
7.339999999999999858e+00,1.422958784171897547e-05
7.349999999999999645e+00,1.358736441429371588e-05
7.360000000000000320e+00,1.304341595982014675e-05
7.370000000000000107e+00,1.255999403737422794e-05
7.379999999999999893e+00,1.211574607592317724e-05
7.389999999999999680e+00,1.169726197462858837e-05
7.400000000000000355e+00,1.132480822148882318e-05
7.410000000000000142e+00,1.102423141193493799e-05
7.419999999999999929e+00,1.084308194806960975e-05
7.429999999999999716e+00,1.079920796722634888e-05
7.440000000000000391e+00,1.089361841950790656e-05
7.450000000000000178e+00,1.111029489995795062e-05
7.459999999999999964e+00,1.142202785112539772e-05
7.469999999999999751e+00,1.179492621718986673e-05
7.480000000000000426e+00,1.222378038249381254e-05
7.490000000000000213e+00,1.270828209768217631e-05
7.500000000000000000e+00,1.325424419406539020e-05
7.509999999999999787e+00,1.384284901667583888e-05
7.519999999999999574e+00,1.446260322364601823e-05
7.530000000000000249e+00,1.509526052498785606e-05
7.540000000000000036e+00,1.572746840452712716e-05
7.549999999999999822e+00,1.633897149811851550e-05
7.559999999999999609e+00,1.691306124368463558e-05
7.570000000000000284e+00,1.742900540607796497e-05
7.580000000000000071e+00,1.788019446564703414e-05
7.589999999999999858e+00,1.826084146995525000e-05
7.599999999999999645e+00,1.857572068346121245e-05
7.610000000000000320e+00,1.884192157911861214e-05
7.620000000000000107e+00,1.905659465737299710e-05
7.629999999999999893e+00,1.922295456009760862e-05
7.639999999999999680e+00,1.935862227696603637e-05
7.650000000000000355e+00,1.944348617685878140e-05
7.660000000000000142e+00,1.943052446298927153e-05
7.669999999999999929e+00,1.929348604751142569e-05
7.679999999999999716e+00,1.901550033287742727e-05
7.690000000000000391e+00,1.856956634645609563e-05
7.700000000000000178e+00,1.795060353407878172e-05
7.709999999999999964e+00,1.715307150875973913e-05
7.719999999999999751e+00,1.618365360324872709e-05
7.730000000000000426e+00,1.512805948516681757e-05
7.740000000000000213e+00,1.411075917358606346e-05
7.750000000000000000e+00,1.321149810225951454e-05
7.759999999999999787e+00,1.247035617056770022e-05
7.769999999999999574e+00,1.191486517061051564e-05
7.780000000000000249e+00,1.158486094131169914e-05
7.790000000000000036e+00,1.150718291921732335e-05
7.799999999999999822e+00,1.168088717288783526e-05
7.809999999999999609e+00,1.207548459725349300e-05
7.820000000000000284e+00,1.264465521554738922e-05
7.830000000000000071e+00,1.330797819186997958e-05
7.839999999999999858e+00,1.400000702407808952e-05
7.849999999999999645e+00,1.468159987380131353e-05
7.860000000000000320e+00,1.531720219786241919e-05
7.870000000000000107e+00,1.587915678368887070e-05
7.879999999999999893e+00,1.636644979531426449e-05
7.889999999999999680e+00,1.676498302637096109e-05
7.900000000000000355e+00,1.706559510298085732e-05
7.910000000000000142e+00,1.726504560130913104e-05
7.919999999999999929e+00,1.735985639636177563e-05
7.929999999999999716e+00,1.735911779469346452e-05
7.940000000000000391e+00,1.727376016238139756e-05
7.950000000000000178e+00,1.711741950804040245e-05
7.959999999999999964e+00,1.689248282889073690e-05
7.969999999999999751e+00,1.659575038072474976e-05
7.980000000000000426e+00,1.622024567757940922e-05
7.990000000000000213e+00,1.576515676218895941e-05
8.000000000000000000e+00,1.522398708827044663e-05
8.009999999999999787e+00,1.459216878998411760e-05
8.019999999999999574e+00,1.388546192319254533e-05
8.029999999999999361e+00,1.312934569202667980e-05
8.039999999999999147e+00,1.234631306724238772e-05
8.050000000000000711e+00,1.155275208072904589e-05
8.060000000000000497e+00,1.076376731521389222e-05
8.070000000000000284e+00,9.992404183527945328e-06
8.080000000000000071e+00,9.249540386826614249e-06
8.089999999999999858e+00,8.541098926919092553e-06
8.099999999999999645e+00,7.876011000574383784e-06
8.109999999999999432e+00,7.263364209016510227e-06
8.119999999999999218e+00,6.704259043421350713e-06
8.130000000000000782e+00,6.208290735801609409e-06
8.140000000000000568e+00,5.770976276022706639e-06
8.150000000000000355e+00,5.371628470678884725e-06
8.160000000000000142e+00,5.019841040932038206e-06
8.169999999999999929e+00,4.736219099125994883e-06
8.179999999999999716e+00,4.540875491684772923e-06
8.189999999999999503e+00,4.465458526468329987e-06
8.199999999999999289e+00,4.525689270671287978e-06
8.210000000000000853e+00,4.714304025376602287e-06
8.220000000000000639e+00,5.020886511541189208e-06
8.230000000000000426e+00,5.415943901733148526e-06
8.240000000000000213e+00,5.873028890801326108e-06
8.250000000000000000e+00,6.381134412948624897e-06
8.259999999999999787e+00,6.946972934039996059e-06
8.269999999999999574e+00,7.582030906204535252e-06
8.279999999999999361e+00,8.289060473038497700e-06
8.289999999999999147e+00,9.037219626922495425e-06
8.300000000000000711e+00,9.790577526608841265e-06
8.310000000000000497e+00,1.051904532417729509e-05
8.320000000000000284e+00,1.118304093713444453e-05
8.330000000000000071e+00,1.174776569116854658e-05
8.339999999999999858e+00,1.218423717675140751e-05
8.349999999999999645e+00,1.247287646476508231e-05
8.359999999999999432e+00,1.260001712913691636e-05
8.369999999999999218e+00,1.256555340726132882e-05
8.380000000000000782e+00,1.236795997728152747e-05
8.390000000000000568e+00,1.200956571821680202e-05
8.400000000000000355e+00,1.149725752534429263e-05
8.410000000000000142e+00,1.086212647580900302e-05
8.419999999999999929e+00,1.013989553956211744e-05
8.429999999999999716e+00,9.365066080924910966e-06
8.439999999999999503e+00,8.550171110665549700e-06
8.449999999999999289e+00,7.705177674055762349e-06
8.460000000000000853e+00,6.830899723903945147e-06
8.470000000000000639e+00,5.935536814340271869e-06
8.480000000000000426e+00,5.038811963010514459e-06
8.490000000000000213e+00,4.133822848438816432e-06
8.500000000000000000e+00,3.228812172528368574e-06
8.509999999999999787e+00,2.343198287270154486e-06
8.519999999999999574e+00,1.512654520097248614e-06
8.529999999999999361e+00,8.336332282607223437e-07
8.539999999999999147e+00,5.960358401819239163e-07
8.550000000000000711e+00,9.293275749335876560e-07
8.560000000000000497e+00,1.356439431532318321e-06
8.570000000000000284e+00,1.727175180970480717e-06
8.580000000000000071e+00,2.008957998075515583e-06
8.589999999999999858e+00,2.214412918196153334e-06
8.599999999999999645e+00,2.386849826072682064e-06
8.609999999999999432e+00,2.554731294666498558e-06
8.619999999999999218e+00,2.764535421053859454e-06
8.630000000000000782e+00,3.062014234543303278e-06
8.640000000000000568e+00,3.479739527880731128e-06
8.650000000000000355e+00,3.993075631295626515e-06
8.660000000000000142e+00,4.561977690240947703e-06
8.669999999999999929e+00,5.186849584757417200e-06
8.679999999999999716e+00,5.816683575499506302e-06
8.689999999999999503e+00,6.402681181941942081e-06
8.699999999999999289e+00,6.965734699126983631e-06
8.710000000000000853e+00,7.507046424833710949e-06
8.720000000000000639e+00,8.032304135454195601e-06
8.730000000000000426e+00,8.505888254598064672e-06
8.740000000000000213e+00,9.024413544880397945e-06
8.750000000000000000e+00,9.663827473901653593e-06
8.759999999999999787e+00,1.038313649856870110e-05
8.769999999999999574e+00,1.119135301627734986e-05
8.779999999999999361e+00,1.209525685220034174e-05
8.789999999999999147e+00,1.308609957056153444e-05
8.800000000000000711e+00,1.415247189724107028e-05
8.810000000000000497e+00,1.529415581119920514e-05
8.820000000000000284e+00,1.652812355543810258e-05
8.830000000000000071e+00,1.782983734890496779e-05
8.839999999999999858e+00,1.916530138271061432e-05
8.849999999999999645e+00,2.051759855481286482e-05
8.859999999999999432e+00,2.187155240937725534e-05
8.869999999999999218e+00,2.320951489209910847e-05
8.880000000000000782e+00,2.454532033581431464e-05
8.890000000000000568e+00,2.585525183361536149e-05
8.900000000000000355e+00,2.712455094349856943e-05
8.910000000000000142e+00,2.834532909458768182e-05
8.919999999999999929e+00,2.952052874886257705e-05
8.929999999999999716e+00,3.064523892671481371e-05
8.939999999999999503e+00,3.171533946381720122e-05
8.949999999999999289e+00,3.272007615472685764e-05
8.960000000000000853e+00,3.366163047341962821e-05
8.970000000000000639e+00,3.451491106354590308e-05
8.980000000000000426e+00,3.528200829393581537e-05
8.990000000000000213e+00,3.595144735993012833e-05
9.000000000000000000e+00,3.653093436961168228e-05
9.009999999999999787e+00,3.702348607979104290e-05
9.019999999999999574e+00,3.744679221042095487e-05
9.029999999999999361e+00,3.779694842996539816e-05
9.039999999999999147e+00,3.806643690480685936e-05
9.050000000000000711e+00,3.825651968936070573e-05
9.060000000000000497e+00,3.836069701962916046e-05
9.070000000000000284e+00,3.837968737769436179e-05
9.080000000000000071e+00,3.831740083476398005e-05
9.089999999999999858e+00,3.817596225011114780e-05
9.099999999999999645e+00,3.794965276736027835e-05
9.109999999999999432e+00,3.764595975607896229e-05
9.119999999999999218e+00,3.726532165194963947e-05
9.130000000000000782e+00,3.681653025551451317e-05
9.140000000000000568e+00,3.628845557947204452e-05
9.150000000000000355e+00,3.569736865397706976e-05
9.160000000000000142e+00,3.504065771582463721e-05
9.169999999999999929e+00,3.432568007599186001e-05
9.179999999999999716e+00,3.354615987640500931e-05
9.189999999999999503e+00,3.272585839439508411e-05
9.199999999999999289e+00,3.186401012170680236e-05
9.210000000000000853e+00,3.097925751295756825e-05
9.220000000000000639e+00,3.005977386227941077e-05
9.230000000000000426e+00,2.910365844719630524e-05
9.240000000000000213e+00,2.810512417273558340e-05
9.250000000000000000e+00,2.710062278336603040e-05
9.259999999999999787e+00,2.612082870159747046e-05
9.269999999999999574e+00,2.518554678107422790e-05
9.279999999999999361e+00,2.429218710157994378e-05
9.289999999999999147e+00,2.343621870614775988e-05
9.300000000000000711e+00,2.259162646951922275e-05
9.310000000000000497e+00,2.173840349412967679e-05
9.320000000000000284e+00,2.085869616627073771e-05
9.330000000000000071e+00,1.996019400387865128e-05
9.339999999999999858e+00,1.903152438458597672e-05
9.349999999999999645e+00,1.804088416137189740e-05
9.359999999999999432e+00,1.697448247941112982e-05
9.369999999999999218e+00,1.584213215479490810e-05
9.380000000000000782e+00,1.467494872009831131e-05
9.390000000000000568e+00,1.349971212112250969e-05
9.400000000000000355e+00,1.233902085371909125e-05
9.410000000000000142e+00,1.120072257040887434e-05
9.419999999999999929e+00,1.009494509968246452e-05
9.429999999999999716e+00,9.020101882144597089e-06
9.439999999999999503e+00,7.976516024479725887e-06
9.449999999999999289e+00,6.925374362345983069e-06
9.460000000000000853e+00,5.835757296505105425e-06
9.470000000000000639e+00,4.651796791908522441e-06
9.480000000000000426e+00,3.313569892245665783e-06
9.490000000000000213e+00,1.921495876313323009e-06
9.500000000000000000e+00,1.448221432690932597e-06
9.509999999999999787e+00,2.841143895041848811e-06
9.519999999999999574e+00,4.772235498713902705e-06
9.529999999999999361e+00,6.882171358477271315e-06
9.539999999999999147e+00,9.068568785387050475e-06
9.550000000000000711e+00,1.126726830137757912e-05
9.560000000000000497e+00,1.341137277031368017e-05
9.570000000000000284e+00,1.545243479700752120e-05
9.580000000000000071e+00,1.732839458525662401e-05
9.589999999999999858e+00,1.901242536755133933e-05
9.599999999999999645e+00,2.046802127350783176e-05
9.609999999999999432e+00,2.173351734916513891e-05
9.619999999999999218e+00,2.279962690110315195e-05
9.630000000000000782e+00,2.371718873730340786e-05
9.640000000000000568e+00,2.460144410512345490e-05
9.650000000000000355e+00,2.549837354054045429e-05
9.660000000000000142e+00,2.639668024364988057e-05
9.669999999999999929e+00,2.727674494932358647e-05
9.679999999999999716e+00,2.824103326971648970e-05
9.689999999999999503e+00,2.944132546193654358e-05
9.699999999999999289e+00,3.090753663011623262e-05
9.710000000000000853e+00,3.263117208028270123e-05
9.720000000000000639e+00,3.459154728612154046e-05
9.730000000000000426e+00,3.673118387622565159e-05
9.740000000000000213e+00,3.898100463764859406e-05
9.750000000000000000e+00,4.118036012508723056e-05
9.759999999999999787e+00,4.332317763448362497e-05
9.769999999999999574e+00,4.541112669146533194e-05
9.779999999999999361e+00,4.742999946005042986e-05
9.789999999999999147e+00,4.931827656939395091e-05
9.800000000000000711e+00,5.108560976396063366e-05
9.810000000000000497e+00,5.271399788817367861e-05
9.820000000000000284e+00,5.421522778892802811e-05
9.830000000000000071e+00,5.557044518567249739e-05
9.839999999999999858e+00,5.676607530394894716e-05
9.849999999999999645e+00,5.779222607298727376e-05
9.859999999999999432e+00,5.865835529943371347e-05
9.869999999999999218e+00,5.935898219846068974e-05
9.880000000000000782e+00,5.991357712198685820e-05
9.890000000000000568e+00,6.032218539940704504e-05
9.900000000000000355e+00,6.061661882464494579e-05
9.910000000000000142e+00,6.080136817681529808e-05
9.919999999999999929e+00,6.091048373290455380e-05
9.929999999999999716e+00,6.094728331544350453e-05
9.939999999999999503e+00,6.091406963462786387e-05
9.949999999999999289e+00,6.079320596536416112e-05
9.960000000000000853e+00,6.056481662014959920e-05
9.970000000000000639e+00,6.021484972216906145e-05
9.980000000000000426e+00,5.972526719520474507e-05
9.990000000000000213e+00,5.906372477201973721e-05
1.000000000000000000e+01,5.823880297102967447e-05
1.000999999999999979e+01,5.727774640445728498e-05
1.001999999999999957e+01,5.620267319459636938e-05
1.002999999999999936e+01,5.506670814892482562e-05
1.003999999999999915e+01,5.388315381692921756e-05
1.005000000000000071e+01,5.267624502859131119e-05
1.006000000000000050e+01,5.144085628692325314e-05
1.007000000000000028e+01,5.018335993939215860e-05
1.008000000000000007e+01,4.887457550286117996e-05
1.008999999999999986e+01,4.752977291395648875e-05
1.009999999999999964e+01,4.613674949913488832e-05
1.010999999999999943e+01,4.473393455577716002e-05
1.011999999999999922e+01,4.332381447123586884e-05
1.013000000000000078e+01,4.193538726678999734e-05
1.014000000000000057e+01,4.054600651576327182e-05
1.015000000000000036e+01,3.913892812626080012e-05
1.016000000000000014e+01,3.768859819287154829e-05
1.016999999999999993e+01,3.620012856025850716e-05
1.017999999999999972e+01,3.466150299486821527e-05
1.018999999999999950e+01,3.314111443334757018e-05
1.019999999999999929e+01,3.167469477196208452e-05
1.021000000000000085e+01,3.028870226037448803e-05
1.022000000000000064e+01,2.897846107284196416e-05
1.023000000000000043e+01,2.777008396490689631e-05
1.024000000000000021e+01,2.668545425056069556e-05
1.025000000000000000e+01,2.575571944541757440e-05
1.025999999999999979e+01,2.499375377578266948e-05
1.026999999999999957e+01,2.442161882018389950e-05
1.027999999999999936e+01,2.404950576000614398e-05
1.028999999999999915e+01,2.391093624553475321e-05
1.030000000000000071e+01,2.396192327120670685e-05
1.031000000000000050e+01,2.412534583118232891e-05
1.032000000000000028e+01,2.434568333112518585e-05
1.033000000000000007e+01,2.457852869358468739e-05
1.033999999999999986e+01,2.481210454695832564e-05
1.034999999999999964e+01,2.503996378818620696e-05
1.035999999999999943e+01,2.525575484189504242e-05
1.036999999999999922e+01,2.545205821358651160e-05
1.038000000000000078e+01,2.565061048488821740e-05
1.039000000000000057e+01,2.584040229949552183e-05
1.040000000000000036e+01,2.601533997697585304e-05
1.041000000000000014e+01,2.612594382871835443e-05
1.041999999999999993e+01,2.615583460925576331e-05
1.042999999999999972e+01,2.606262070514247197e-05
1.043999999999999950e+01,2.586593780245344774e-05
1.044999999999999929e+01,2.553774072118728078e-05
1.046000000000000085e+01,2.509208202139666613e-05
1.047000000000000064e+01,2.450980657968127854e-05
1.048000000000000043e+01,2.382019718556936504e-05
1.049000000000000021e+01,2.306305993197518386e-05
1.050000000000000000e+01,2.231988536865634363e-05
1.050999999999999979e+01,2.161517097979703093e-05
1.051999999999999957e+01,2.095343895869564960e-05
1.052999999999999936e+01,2.028720707044850304e-05
1.053999999999999915e+01,1.958094011135610825e-05
1.055000000000000071e+01,1.877267836452065647e-05
1.056000000000000050e+01,1.784506324290448709e-05
1.057000000000000028e+01,1.678751397270705659e-05
1.058000000000000007e+01,1.562682835699853324e-05
1.058999999999999986e+01,1.438692628503636038e-05
1.059999999999999964e+01,1.315390111023560091e-05
1.060999999999999943e+01,1.184799200081625399e-05
1.061999999999999922e+01,1.053483109059425061e-05
1.063000000000000078e+01,9.237246314827166977e-06
1.064000000000000057e+01,7.761375242533923518e-06
1.065000000000000036e+01,6.086883861509934075e-06
1.066000000000000014e+01,4.521957270232802212e-06
1.066999999999999993e+01,4.118759959263951110e-06
1.067999999999999972e+01,5.700927207787804204e-06
1.068999999999999950e+01,8.564764420364551795e-06
1.069999999999999929e+01,1.206899946814165034e-05
1.071000000000000085e+01,1.595453546452066458e-05
1.072000000000000064e+01,2.014322694778086372e-05
1.073000000000000043e+01,2.474272562897592392e-05
1.074000000000000021e+01,2.961222029481889296e-05
1.075000000000000000e+01,3.445056445790820678e-05
1.075999999999999979e+01,3.923017626612202796e-05
1.076999999999999957e+01,4.398208905605650171e-05
1.077999999999999936e+01,4.864111385462222670e-05
1.078999999999999915e+01,5.312580803445306584e-05
1.080000000000000071e+01,5.739194233986379459e-05
1.081000000000000050e+01,6.141613607718284309e-05
1.082000000000000028e+01,6.519025688006938491e-05
1.083000000000000007e+01,6.871703612708012746e-05
1.083999999999999986e+01,7.204908669596059203e-05
1.084999999999999964e+01,7.519664533259659480e-05
1.085999999999999943e+01,7.813922919189200558e-05
1.086999999999999922e+01,8.091604046858494044e-05
1.088000000000000078e+01,8.352380774294079118e-05
1.089000000000000057e+01,8.599048453538616038e-05
1.090000000000000036e+01,8.823244644191208946e-05
1.091000000000000014e+01,9.022884258131486351e-05
1.091999999999999993e+01,9.195014103404488800e-05
1.092999999999999972e+01,9.342208940509992869e-05
1.093999999999999950e+01,9.463594648725653523e-05
1.094999999999999929e+01,9.564512427740718228e-05
1.096000000000000085e+01,9.645826730451503351e-05
1.097000000000000064e+01,9.706215198814858861e-05
1.098000000000000043e+01,9.746039709026751985e-05
1.099000000000000021e+01,9.766181637881090585e-05
1.100000000000000000e+01,9.764290072426866059e-05
1.100999999999999979e+01,9.737708161240898267e-05
1.101999999999999957e+01,9.687658008017130124e-05
1.102999999999999936e+01,9.617024898673947925e-05
1.103999999999999915e+01,9.529783566213456225e-05
1.105000000000000071e+01,9.426848147231857010e-05
1.106000000000000050e+01,9.314113920679571647e-05
1.107000000000000028e+01,9.193274487142303253e-05
1.108000000000000007e+01,9.069924805296096396e-05
1.108999999999999986e+01,8.944519706356234901e-05
1.109999999999999964e+01,8.820546851049343537e-05
1.110999999999999943e+01,8.694674308855123985e-05
1.111999999999999922e+01,8.567729389245694706e-05
1.113000000000000078e+01,8.434877303516299463e-05
1.114000000000000057e+01,8.298066588770830368e-05
1.115000000000000036e+01,8.156830571497119002e-05
1.116000000000000014e+01,8.014708540228121134e-05
1.116999999999999993e+01,7.867421464218575186e-05
1.117999999999999972e+01,7.717261199593927648e-05
1.118999999999999950e+01,7.558572825028116681e-05
1.119999999999999929e+01,7.391188577405160447e-05
1.121000000000000085e+01,7.208948937514082767e-05
1.122000000000000064e+01,7.011841133623861156e-05
1.123000000000000043e+01,6.799300217896205945e-05
1.124000000000000021e+01,6.573617102581014073e-05
1.125000000000000000e+01,6.336092074598905866e-05
1.125999999999999979e+01,6.090490464322862547e-05
1.126999999999999957e+01,5.833854591903606069e-05
1.127999999999999936e+01,5.570841099917244225e-05
1.128999999999999915e+01,5.301223376288764126e-05
1.130000000000000071e+01,5.021709519809241428e-05
1.131000000000000050e+01,4.730800078580957020e-05
1.132000000000000028e+01,4.431004169378939284e-05
1.133000000000000007e+01,4.122424850223276542e-05
1.133999999999999986e+01,3.807395342501159499e-05
1.134999999999999964e+01,3.488509245598742802e-05
1.135999999999999943e+01,3.169602654140998924e-05
1.136999999999999922e+01,2.855943230324745863e-05
1.138000000000000078e+01,2.552337035425927350e-05
1.139000000000000057e+01,2.266022647817732722e-05
1.140000000000000036e+01,1.998741633937827340e-05
1.141000000000000014e+01,1.753879204972693634e-05
1.141999999999999993e+01,1.538249718135495375e-05
1.142999999999999972e+01,1.359743555161126422e-05
1.143999999999999950e+01,1.226310275869327741e-05
1.144999999999999929e+01,1.153632119445747275e-05
1.146000000000000085e+01,1.153223402013753660e-05
1.147000000000000064e+01,1.208078843788290469e-05
1.148000000000000043e+01,1.288738772231708402e-05
1.149000000000000021e+01,1.383528365412708513e-05
1.150000000000000000e+01,1.482396496060329649e-05
1.150999999999999979e+01,1.581015211408092679e-05
1.151999999999999957e+01,1.682628960839800103e-05
1.152999999999999936e+01,1.786749131049418746e-05
1.153999999999999915e+01,1.891649974964201191e-05
1.155000000000000071e+01,1.989054881020016342e-05
1.156000000000000050e+01,2.077011432852437256e-05
1.157000000000000028e+01,2.155861978577016029e-05
1.158000000000000007e+01,2.229534375689478837e-05
1.158999999999999986e+01,2.304557704265508384e-05
1.159999999999999964e+01,2.389010345893355887e-05
1.160999999999999943e+01,2.473089404374649811e-05
1.161999999999999922e+01,2.560482805311266476e-05
1.163000000000000078e+01,2.642127037590730144e-05
1.164000000000000057e+01,2.689581702090083348e-05
1.165000000000000036e+01,2.703930032091001316e-05
1.166000000000000014e+01,2.686890964619245096e-05
1.166999999999999993e+01,2.642291396216421632e-05
1.167999999999999972e+01,2.565728113890101684e-05
1.168999999999999950e+01,2.464704528234512720e-05
1.169999999999999929e+01,2.363674466151826506e-05
1.171000000000000085e+01,2.269045747139528682e-05
1.172000000000000064e+01,2.192439609871201222e-05
1.173000000000000043e+01,2.119321248547175848e-05
1.174000000000000021e+01,2.054029853505967259e-05
1.175000000000000000e+01,2.011300988714344369e-05
1.175999999999999979e+01,1.984947284160233139e-05
1.176999999999999957e+01,2.002194650943465553e-05
1.177999999999999936e+01,2.070717894489787058e-05
1.178999999999999915e+01,2.179857719780281883e-05
1.180000000000000071e+01,2.324175483835154985e-05
1.181000000000000050e+01,2.501937666586467247e-05
1.182000000000000028e+01,2.710746635648701727e-05
1.183000000000000007e+01,2.944857375955229321e-05
1.183999999999999986e+01,3.197496323144441763e-05
1.184999999999999964e+01,3.470267103775383357e-05
1.185999999999999943e+01,3.758443128621874528e-05
1.186999999999999922e+01,4.051939654921923883e-05
1.188000000000000078e+01,4.344275488349540258e-05
1.189000000000000057e+01,4.621239252554554575e-05
1.190000000000000036e+01,4.880574435840232656e-05
1.191000000000000014e+01,5.114942538547590238e-05
1.191999999999999993e+01,5.326994080468241028e-05
1.192999999999999972e+01,5.515482209781802380e-05
1.193999999999999950e+01,5.685650059982411852e-05
1.194999999999999929e+01,5.836851049636170279e-05
1.196000000000000085e+01,5.974068119692444373e-05
1.197000000000000064e+01,6.093873971674005556e-05
1.198000000000000043e+01,6.198424925175630075e-05
1.199000000000000021e+01,6.283779316918933992e-05
1.200000000000000000e+01,6.348332374397711714e-05
1.200999999999999979e+01,6.390858970017679048e-05
1.201999999999999957e+01,6.409580315583430815e-05
1.202999999999999936e+01,6.406622237615161109e-05
1.203999999999999915e+01,6.384028725070926076e-05
1.205000000000000071e+01,6.345713755475262160e-05
1.206000000000000050e+01,6.287323595649896095e-05
1.207000000000000028e+01,6.210073639938005130e-05
1.208000000000000007e+01,6.110444487415758936e-05
1.208999999999999986e+01,5.994387233239001681e-05
1.209999999999999964e+01,5.860562359521910819e-05
1.210999999999999943e+01,5.715225285873897680e-05
1.211999999999999922e+01,5.555009825611280860e-05
1.213000000000000078e+01,5.384588029911901698e-05
1.214000000000000057e+01,5.196473162373433258e-05
1.215000000000000036e+01,4.990401376978000270e-05
1.216000000000000014e+01,4.766926776362418063e-05
1.216999999999999993e+01,4.534756707580755384e-05
1.217999999999999972e+01,4.293964997805402832e-05
1.218999999999999950e+01,4.050817222695657230e-05
1.219999999999999929e+01,3.803541585760095666e-05
1.221000000000000085e+01,3.551952903354554421e-05
1.222000000000000064e+01,3.297487583675315885e-05
1.223000000000000043e+01,3.044830391737465204e-05
1.224000000000000021e+01,2.796268672113489038e-05
1.225000000000000000e+01,2.554498461357224549e-05
1.225999999999999979e+01,2.330929668453293873e-05
1.226999999999999957e+01,2.139608232621848416e-05
1.227999999999999936e+01,2.000400946854861590e-05
1.228999999999999915e+01,1.943617731649931472e-05
1.230000000000000071e+01,1.984560050571223424e-05
1.231000000000000050e+01,2.110867466176340825e-05
1.232000000000000028e+01,2.302726197046350539e-05
1.233000000000000007e+01,2.540988442423791022e-05
1.233999999999999986e+01,2.808983979498725175e-05
1.234999999999999964e+01,3.095819983663707651e-05
1.235999999999999943e+01,3.388137730695286228e-05
1.236999999999999922e+01,3.676135412502090860e-05
1.238000000000000078e+01,3.950957224926048033e-05
1.239000000000000057e+01,4.211161660864515559e-05
1.240000000000000036e+01,4.454909819126192798e-05
1.241000000000000014e+01,4.683350512453402816e-05
1.241999999999999993e+01,4.899411279808856315e-05
1.242999999999999972e+01,5.108344813062870029e-05
1.243999999999999950e+01,5.315082365465803859e-05
1.244999999999999929e+01,5.517045621985170714e-05
1.246000000000000085e+01,5.706660179248590535e-05
1.247000000000000064e+01,5.876310008210213772e-05
1.248000000000000043e+01,6.018591601814232727e-05
1.249000000000000021e+01,6.126866283631351605e-05
1.250000000000000000e+01,6.205270422092557339e-05
1.250999999999999979e+01,6.243941227142083548e-05
1.251999999999999957e+01,6.233009825495104477e-05
1.252999999999999936e+01,6.167022184877797943e-05
1.253999999999999915e+01,6.049564682696835266e-05
1.255000000000000071e+01,5.873781218470406354e-05
1.256000000000000050e+01,5.646564428655137204e-05
1.257000000000000028e+01,5.374208884163508631e-05
1.258000000000000007e+01,5.074404701918611881e-05
1.258999999999999986e+01,4.747881522360130024e-05
1.259999999999999964e+01,4.420371724584736049e-05
1.260999999999999943e+01,4.087633131881622696e-05
1.261999999999999922e+01,3.794934737008824545e-05
1.263000000000000078e+01,3.569621599640505932e-05
1.264000000000000057e+01,3.404035974363242486e-05
1.265000000000000036e+01,3.340659124319483636e-05
1.266000000000000014e+01,3.400157242488826035e-05
1.266999999999999993e+01,3.614245970235633459e-05
1.267999999999999972e+01,3.976629844893355418e-05
1.268999999999999950e+01,4.440923429618551531e-05
1.269999999999999929e+01,4.985908840743166244e-05
1.271000000000000085e+01,5.588041801838392557e-05
1.272000000000000064e+01,6.224325369861389515e-05
1.273000000000000043e+01,6.854036617837371958e-05
1.274000000000000021e+01,7.507154192014676443e-05
1.275000000000000000e+01,8.166529992627150677e-05
1.275999999999999979e+01,8.816628050097570046e-05
1.276999999999999957e+01,9.455085603316464938e-05
1.277999999999999936e+01,1.007613810946545379e-04
1.278999999999999915e+01,1.065117112619947060e-04
1.280000000000000071e+01,1.117226342031340180e-04
1.281000000000000050e+01,1.161851898678144365e-04
1.282000000000000028e+01,1.197386033244393421e-04
1.283000000000000007e+01,1.222428471905255228e-04
1.283999999999999986e+01,1.236132389534853188e-04
1.284999999999999964e+01,1.238662058784682546e-04
1.285999999999999943e+01,1.229712676161058560e-04
1.286999999999999922e+01,1.210146388677522022e-04
1.288000000000000078e+01,1.182615064314111145e-04
1.289000000000000057e+01,1.149174627362400432e-04
1.290000000000000036e+01,1.112675285317550817e-04
1.291000000000000014e+01,1.072227820726267227e-04
1.291999999999999993e+01,1.028146912878689841e-04
1.292999999999999972e+01,9.796026535595082603e-05
1.293999999999999950e+01,9.259663210142041960e-05
1.294999999999999929e+01,8.671767472355049915e-05
1.296000000000000085e+01,8.037255835205418971e-05
1.297000000000000064e+01,7.364927446162271253e-05
1.298000000000000043e+01,6.661067401111726469e-05
1.299000000000000021e+01,5.935531774674785522e-05
1.300000000000000000e+01,5.188013166674570087e-05
1.300999999999999979e+01,4.429019372744052036e-05
1.301999999999999957e+01,3.667541261588792612e-05
1.302999999999999936e+01,2.931090808337795861e-05
1.303999999999999915e+01,2.246295135197031535e-05
1.305000000000000071e+01,1.670560909147622038e-05
1.306000000000000050e+01,1.303348229400627838e-05
1.307000000000000028e+01,1.284486039460144564e-05
1.308000000000000007e+01,1.570777218373102689e-05
1.308999999999999986e+01,1.988843414504778929e-05
1.309999999999999964e+01,2.437225946102114597e-05
1.310999999999999943e+01,2.864340115046210835e-05
1.311999999999999922e+01,3.256197203405154545e-05
1.313000000000000078e+01,3.597501603387484392e-05
1.314000000000000057e+01,3.896315323022222490e-05
1.315000000000000036e+01,4.145738214795493588e-05
1.316000000000000014e+01,4.343063697599903523e-05
1.316999999999999993e+01,4.479923173057355495e-05
1.317999999999999972e+01,4.556478298478650361e-05
1.318999999999999950e+01,4.569246354140530845e-05
1.319999999999999929e+01,4.526640628405684301e-05
1.321000000000000085e+01,4.430978462519116615e-05
1.322000000000000064e+01,4.291275231944430236e-05
1.323000000000000043e+01,4.115041026457118723e-05
1.324000000000000021e+01,3.909882813650640240e-05
1.325000000000000000e+01,3.684425999706004301e-05
1.325999999999999979e+01,3.442544186130435763e-05
1.326999999999999957e+01,3.196425686807239307e-05
1.327999999999999936e+01,2.964778320663739863e-05
1.328999999999999915e+01,2.761261623125919952e-05
1.330000000000000071e+01,2.592412262956733285e-05
1.331000000000000050e+01,2.477502636089809959e-05
1.332000000000000028e+01,2.424292700502413370e-05
1.333000000000000007e+01,2.454068138749566745e-05
1.333999999999999986e+01,2.570596857004961596e-05
1.334999999999999964e+01,2.782832840982639758e-05
1.335999999999999943e+01,3.081679811841283499e-05
1.336999999999999922e+01,3.457263813102025459e-05
1.338000000000000078e+01,3.889430083047742872e-05
1.339000000000000057e+01,4.360364287494220714e-05
1.340000000000000036e+01,4.862235938413339049e-05
1.341000000000000014e+01,5.386997183149723635e-05
1.341999999999999993e+01,5.937089072154314284e-05
1.342999999999999972e+01,6.505132143135119213e-05
1.343999999999999950e+01,7.088741296829961292e-05
1.344999999999999929e+01,7.671394657079412744e-05
1.346000000000000085e+01,8.246856156630473945e-05
1.347000000000000064e+01,8.797333550460019588e-05
1.348000000000000043e+01,9.314963464178049239e-05
1.349000000000000021e+01,9.801705402703910224e-05
1.350000000000000000e+01,1.025986047050811705e-04
1.350999999999999979e+01,1.065991177713210297e-04
1.351999999999999957e+01,1.097189455100152213e-04
1.352999999999999936e+01,1.116022791463368573e-04
1.353999999999999915e+01,1.121080046357976099e-04
1.355000000000000071e+01,1.112173661698175736e-04
1.356000000000000050e+01,1.090558365016089799e-04
1.357000000000000028e+01,1.057140658657764268e-04
1.358000000000000007e+01,1.014470932020184970e-04
1.358999999999999986e+01,9.615385649741613487e-05
1.359999999999999964e+01,8.996247212453608439e-05
1.360999999999999943e+01,8.265914716997214116e-05
1.361999999999999922e+01,7.485023557861331502e-05
1.363000000000000078e+01,6.727867957293816705e-05
1.364000000000000057e+01,5.826095602321060317e-05
1.365000000000000036e+01,4.212482342196657598e-05
1.366000000000000014e+01,2.641776291710034523e-05
1.366999999999999993e+01,4.046039745800937798e-05
1.367999999999999972e+01,8.044542283459832821e-05
1.368999999999999950e+01,1.343723359234349091e-04
1.369999999999999929e+01,2.008872762090493556e-04
1.371000000000000085e+01,2.813774379625501505e-04
1.372000000000000064e+01,3.759180164668292985e-04
1.373000000000000043e+01,4.823146499806396951e-04
1.374000000000000021e+01,5.959007595929917064e-04
1.375000000000000000e+01,7.129595227335760316e-04
1.375999999999999979e+01,8.322978174733489587e-04
1.376999999999999957e+01,9.525115110338036681e-04
1.377999999999999936e+01,1.072413156416532646e-03
1.378999999999999915e+01,1.190930857440485567e-03
1.380000000000000071e+01,1.307438109327289802e-03
1.381000000000000050e+01,1.421033359421959357e-03
1.382000000000000028e+01,1.531114499223170267e-03
1.383000000000000007e+01,1.637117352909369262e-03
1.383999999999999986e+01,1.738696481829307651e-03
1.384999999999999964e+01,1.835241014761433438e-03
1.385999999999999943e+01,1.926382815263213413e-03
1.386999999999999922e+01,2.011912343615128353e-03
1.388000000000000078e+01,2.091459172234194294e-03
1.389000000000000057e+01,2.164827972645931489e-03
1.390000000000000036e+01,2.231648360439904191e-03
1.391000000000000014e+01,2.291839149807303223e-03
1.391999999999999993e+01,2.345113096733476496e-03
1.392999999999999972e+01,2.391300243313299479e-03
1.393999999999999950e+01,2.430159645394725822e-03
1.394999999999999929e+01,2.461723653186404133e-03
1.396000000000000085e+01,2.485992735527468595e-03
1.397000000000000064e+01,2.503223235313068243e-03
1.398000000000000043e+01,2.513338407031470104e-03
1.399000000000000021e+01,2.516574761129271309e-03
1.400000000000000000e+01,2.513096985653915944e-03
1.400999999999999979e+01,2.503207784595527785e-03
1.401999999999999957e+01,2.486961770568943061e-03
1.402999999999999936e+01,2.464708560477819020e-03
1.403999999999999915e+01,2.436781278018751960e-03
1.405000000000000071e+01,2.403378712607371400e-03
1.406000000000000050e+01,2.364684827115215437e-03
1.407000000000000028e+01,2.320927678913710813e-03
1.408000000000000007e+01,2.272309080524944919e-03
1.408999999999999986e+01,2.219023291992399966e-03
1.409999999999999964e+01,2.161441380706759577e-03
1.410999999999999943e+01,2.099836615957575200e-03
1.411999999999999922e+01,2.034558927247648134e-03
1.413000000000000078e+01,1.965818714537982421e-03
1.414000000000000057e+01,1.894060656956316965e-03
1.415000000000000036e+01,1.819657971047425327e-03
1.416000000000000014e+01,1.743154010197583027e-03
1.416999999999999993e+01,1.665142461581306911e-03
1.417999999999999972e+01,1.586308583377611008e-03
1.418999999999999950e+01,1.506997938704468911e-03
1.419999999999999929e+01,1.427882331828919486e-03
1.421000000000000085e+01,1.349301163972715847e-03
1.422000000000000064e+01,1.271765586899094216e-03
1.423000000000000043e+01,1.195635027834334460e-03
1.424000000000000021e+01,1.121341348322909886e-03
1.425000000000000000e+01,1.049115027850048426e-03
1.425999999999999979e+01,9.793316440530087930e-04
1.426999999999999957e+01,9.122297729767341306e-04
1.427999999999999936e+01,8.483689312155110124e-04
1.428999999999999915e+01,7.881369865011971822e-04
1.430000000000000071e+01,7.320444686705816729e-04
1.431000000000000050e+01,6.804311142529885850e-04
1.432000000000000028e+01,6.338161475924401593e-04
1.433000000000000007e+01,5.926511451716350498e-04
1.433999999999999986e+01,5.574910585196717668e-04
1.434999999999999964e+01,5.285163411008152699e-04
1.435999999999999943e+01,5.058522150507237507e-04
1.436999999999999922e+01,4.892132763663384039e-04
1.438000000000000078e+01,4.781751451500209716e-04
1.439000000000000057e+01,4.719239059333082032e-04
1.440000000000000036e+01,4.697192630608689932e-04
1.441000000000000014e+01,4.706128038824368269e-04
1.441999999999999993e+01,4.739286820194579244e-04
1.442999999999999972e+01,4.787716061819167427e-04
1.443999999999999950e+01,4.846513467957335201e-04
1.444999999999999929e+01,4.910045142619628381e-04
1.446000000000000085e+01,4.974543032859256005e-04
1.447000000000000064e+01,5.035781037757210577e-04
1.448000000000000043e+01,5.092596662165426238e-04
1.449000000000000021e+01,5.147019863121054519e-04
1.450000000000000000e+01,5.199883611648976672e-04
1.450999999999999979e+01,5.241521369533704705e-04
1.451999999999999957e+01,5.235078003217364957e-04
1.452999999999999936e+01,5.165888939296678188e-04
1.453999999999999915e+01,5.035454670737593260e-04
1.455000000000000071e+01,4.852343769781742320e-04
1.456000000000000050e+01,4.631235408718315525e-04
1.457000000000000028e+01,4.389596572964862245e-04
1.458000000000000007e+01,4.145578468007175680e-04
1.458999999999999986e+01,3.921873142956756983e-04
1.459999999999999964e+01,3.738277869650597656e-04
1.460999999999999943e+01,3.624808630744714142e-04
1.461999999999999922e+01,3.613058763327087891e-04
1.463000000000000078e+01,3.755821475200569440e-04
1.464000000000000057e+01,4.090624225684024373e-04
1.465000000000000036e+01,4.605547547916172377e-04
1.466000000000000014e+01,5.279781602250672827e-04
1.466999999999999993e+01,6.158671649227212899e-04
1.467999999999999972e+01,7.248988766004899748e-04
1.468999999999999950e+01,8.537230241257320364e-04
1.469999999999999929e+01,9.999703888458450450e-04
1.471000000000000085e+01,1.167284195357936845e-03
1.472000000000000064e+01,1.345245714956496037e-03
1.473000000000000043e+01,1.514519430698859368e-03
1.474000000000000021e+01,1.663623371186341571e-03
1.475000000000000000e+01,1.794299852210809584e-03
1.475999999999999979e+01,1.909387837220416712e-03
1.476999999999999957e+01,2.010677755780164357e-03
1.477999999999999936e+01,2.099824165605686417e-03
1.478999999999999915e+01,2.177166200766380861e-03
1.480000000000000071e+01,2.244003539849803372e-03
1.481000000000000050e+01,2.300432401800316801e-03
1.482000000000000028e+01,2.346915522130318347e-03
1.483000000000000007e+01,2.383421365397879639e-03
1.483999999999999986e+01,2.407422352669317568e-03
1.484999999999999964e+01,2.416342479265115584e-03
1.485999999999999943e+01,2.410242235961112135e-03
1.486999999999999922e+01,2.389862003990982000e-03
1.488000000000000078e+01,2.356070279859693185e-03
1.489000000000000057e+01,2.310203522341308050e-03
1.490000000000000036e+01,2.253504668309753815e-03
1.491000000000000014e+01,2.187091811534202200e-03
1.491999999999999993e+01,2.112093023423960905e-03
1.492999999999999972e+01,2.029729740872875283e-03
1.493999999999999950e+01,1.941011676463087450e-03
1.494999999999999929e+01,1.847164332080454595e-03
1.496000000000000085e+01,1.749022746596991295e-03
1.497000000000000064e+01,1.647718275340439523e-03
1.498000000000000043e+01,1.544060696522733681e-03
1.499000000000000021e+01,1.439395835838715079e-03
1.500000000000000000e+01,1.334540098553710060e-03
1.500999999999999979e+01,1.230936912179756608e-03
1.501999999999999957e+01,1.129947260491676693e-03
1.502999999999999936e+01,1.033753951775572303e-03
1.503999999999999915e+01,9.445600352357727374e-04
1.505000000000000071e+01,8.649335550481111181e-04
1.506000000000000050e+01,7.973243843281799291e-04
1.507000000000000028e+01,7.448689364818716343e-04
1.508000000000000007e+01,7.101445165082564221e-04
1.508999999999999986e+01,6.950189951548164545e-04
1.509999999999999964e+01,6.992296460965355355e-04
1.510999999999999943e+01,7.211434420984893720e-04
1.511999999999999922e+01,7.573878236243906849e-04
1.513000000000000078e+01,8.044333100127912771e-04
1.514000000000000057e+01,8.584032182795769093e-04
1.515000000000000036e+01,9.162156703131704846e-04
1.516000000000000014e+01,9.753271500392987018e-04
1.516999999999999993e+01,1.034017442348126583e-03
1.517999999999999972e+01,1.090644783488234348e-03
1.518999999999999950e+01,1.144517073836258132e-03
1.519999999999999929e+01,1.194724543230361391e-03
1.521000000000000085e+01,1.241104339387044762e-03
1.522000000000000064e+01,1.283247506309432261e-03
1.523000000000000043e+01,1.321269234110839354e-03
1.524000000000000021e+01,1.354923934579768891e-03
1.525000000000000000e+01,1.384226218521765689e-03
1.525999999999999979e+01,1.408835065957194125e-03
1.526999999999999957e+01,1.428919987665710567e-03
1.527999999999999936e+01,1.444033698681389168e-03
1.528999999999999915e+01,1.454478790976019209e-03
1.530000000000000071e+01,1.460193196478841047e-03
1.531000000000000050e+01,1.461486259214893595e-03
1.532000000000000028e+01,1.458262233850419814e-03
1.533000000000000007e+01,1.450872757042127523e-03
1.533999999999999986e+01,1.439297969945260366e-03
1.534999999999999964e+01,1.424046342442301721e-03
1.535999999999999943e+01,1.405164961889481022e-03
1.536999999999999922e+01,1.383161462286793854e-03
1.538000000000000078e+01,1.358184804295623936e-03
1.539000000000000057e+01,1.330757124833519076e-03
1.540000000000000036e+01,1.301031979474704487e-03
1.541000000000000014e+01,1.269504764517599476e-03
1.541999999999999993e+01,1.236406755215657596e-03
1.542999999999999972e+01,1.202514808335838382e-03
1.543999999999999950e+01,1.168198668578214342e-03
1.544999999999999929e+01,1.133910798891453985e-03
1.546000000000000085e+01,1.099783799898817116e-03
1.547000000000000064e+01,1.066257858112168704e-03
1.548000000000000043e+01,1.033346883372506094e-03
1.549000000000000021e+01,1.000347323594538056e-03
1.550000000000000000e+01,9.599505825982402631e-04
1.550999999999999979e+01,9.026797251343974962e-04
1.551999999999999957e+01,8.363146853594141889e-04
1.552999999999999936e+01,7.723547034884097225e-04
1.553999999999999915e+01,7.210205386957326120e-04
1.555000000000000071e+01,6.914368854322477291e-04
1.556000000000000050e+01,6.896406894890376319e-04
1.557000000000000028e+01,7.177538224568435262e-04
1.558000000000000007e+01,7.732602959003992416e-04
1.558999999999999986e+01,8.524692735065083618e-04
1.559999999999999964e+01,9.493312047458769181e-04
1.560999999999999943e+01,1.063376064902925256e-03
1.561999999999999922e+01,1.204679160456120345e-03
1.563000000000000078e+01,1.394554226092286926e-03
1.564000000000000057e+01,1.635780655851810667e-03
1.565000000000000036e+01,1.914991207301864045e-03
1.566000000000000014e+01,2.226308113934392929e-03
1.566999999999999993e+01,2.566022127561379262e-03
1.567999999999999972e+01,2.925924343632597523e-03
1.568999999999999950e+01,3.292808123265686653e-03
1.569999999999999929e+01,3.651554559315083395e-03
1.571000000000000085e+01,3.999631326221400607e-03
1.572000000000000064e+01,4.318295096712272511e-03
1.573000000000000043e+01,4.588684618140205680e-03
1.574000000000000021e+01,4.798281439761779670e-03
1.575000000000000000e+01,4.946361292006081455e-03
1.575999999999999979e+01,5.039129251619318094e-03
1.576999999999999957e+01,5.090573567522876063e-03
1.577999999999999936e+01,5.116879668508186700e-03
1.578999999999999915e+01,5.133558863946134122e-03
1.580000000000000071e+01,5.155254977716694671e-03
1.581000000000000050e+01,5.189358160965718871e-03
1.582000000000000028e+01,5.242278433052332230e-03
1.583000000000000007e+01,5.316252770430215761e-03
1.583999999999999986e+01,5.403986054351873208e-03
1.584999999999999964e+01,5.503339571600117386e-03
1.585999999999999943e+01,5.617154390302757198e-03
1.586999999999999922e+01,5.747239286919432130e-03
1.588000000000000078e+01,5.893510925981703882e-03
1.589000000000000057e+01,6.049406594058812786e-03
1.590000000000000036e+01,6.210255194649451534e-03
1.591000000000000014e+01,6.369255189769306921e-03
1.591999999999999993e+01,6.523029680253489455e-03
1.592999999999999972e+01,6.666984546684676625e-03
1.593999999999999950e+01,6.800098775411950007e-03
1.594999999999999929e+01,6.919606048113212220e-03
1.596000000000000085e+01,7.026311664733212413e-03
1.597000000000000064e+01,7.119378861399157724e-03
1.598000000000000043e+01,7.201685283371364772e-03
1.599000000000000021e+01,7.274809438923723025e-03
1.600000000000000000e+01,7.344224756419846789e-03
1.601000000000000156e+01,7.415966554077301799e-03
1.601999999999999957e+01,7.502169149001127781e-03
1.603000000000000114e+01,7.622549307911538445e-03
1.603999999999999915e+01,7.816908497765777397e-03
1.605000000000000071e+01,8.184952753762681291e-03
1.605999999999999872e+01,9.094904849860278515e-03
